-- MySQL dump 10.13  Distrib 8.0.42, for Win64 (x86_64)
--
-- Host: localhost    Database: airline_delay_db
-- ------------------------------------------------------
-- Server version	8.0.42

/*!40101 SET @OLD_CHARACTER_SET_CLIENT=@@CHARACTER_SET_CLIENT */;
/*!40101 SET @OLD_CHARACTER_SET_RESULTS=@@CHARACTER_SET_RESULTS */;
/*!40101 SET @OLD_COLLATION_CONNECTION=@@COLLATION_CONNECTION */;
/*!50503 SET NAMES utf8 */;
/*!40103 SET @OLD_TIME_ZONE=@@TIME_ZONE */;
/*!40103 SET TIME_ZONE='+00:00' */;
/*!40014 SET @OLD_UNIQUE_CHECKS=@@UNIQUE_CHECKS, UNIQUE_CHECKS=0 */;
/*!40014 SET @OLD_FOREIGN_KEY_CHECKS=@@FOREIGN_KEY_CHECKS, FOREIGN_KEY_CHECKS=0 */;
/*!40101 SET @OLD_SQL_MODE=@@SQL_MODE, SQL_MODE='NO_AUTO_VALUE_ON_ZERO' */;
/*!40111 SET @OLD_SQL_NOTES=@@SQL_NOTES, SQL_NOTES=0 */;

--
-- Table structure for table `airlines`
--

DROP TABLE IF EXISTS `airlines`;
/*!40101 SET @saved_cs_client     = @@character_set_client */;
/*!50503 SET character_set_client = utf8mb4 */;
CREATE TABLE `airlines` (
  `airline_id` int NOT NULL AUTO_INCREMENT,
  `carrier` varchar(10) DEFAULT NULL,
  `carrier_name` varchar(100) DEFAULT NULL,
  PRIMARY KEY (`airline_id`)
) ENGINE=InnoDB AUTO_INCREMENT=22 DEFAULT CHARSET=utf8mb3;
/*!40101 SET character_set_client = @saved_cs_client */;

--
-- Dumping data for table `airlines`
--

LOCK TABLES `airlines` WRITE;
/*!40000 ALTER TABLE `airlines` DISABLE KEYS */;
INSERT INTO `airlines` VALUES (1,'MQ','Envoy Air'),(2,'NK','Spirit Airlines'),(3,'OH','PSA Airlines Inc.'),(4,'OO','SkyWest Airlines Inc.'),(5,'PT','Piedmont Airlines'),(6,'QX','Horizon Air'),(7,'UA','United Air Lines Network'),(8,'WN','Southwest Airlines'),(9,'YV','Mesa Airlines Inc.'),(10,'YX','Republic Airline'),(11,'9E','Endeavor Air Inc.'),(12,'AA','American Airlines Network'),(13,'AS','Alaska Airlines Network'),(14,'B6','JetBlue Airways'),(15,'C5','CommuteAir LLC dba CommuteAir'),(16,'DL','Delta Air Lines Network'),(17,'F9','Frontier Airlines'),(18,'G4','Allegiant Air'),(19,'G7','GoJet Airlines LLC d/b/a United Express'),(20,'HA','Hawaiian Airlines Network'),(21,'ZW','Air Wisconsin Airlines Corp');
/*!40000 ALTER TABLE `airlines` ENABLE KEYS */;
UNLOCK TABLES;

--
-- Table structure for table `airports`
--

DROP TABLE IF EXISTS `airports`;
/*!40101 SET @saved_cs_client     = @@character_set_client */;
/*!50503 SET character_set_client = utf8mb4 */;
CREATE TABLE `airports` (
  `airport_id` int NOT NULL AUTO_INCREMENT,
  `airport_code` varchar(10) DEFAULT NULL,
  `airport_name` varchar(100) DEFAULT NULL,
  `location_id` int NOT NULL,
  PRIMARY KEY (`airport_id`),
  KEY `fk_Airports_Location1_idx` (`location_id`),
  CONSTRAINT `fk_Airports_Location1` FOREIGN KEY (`location_id`) REFERENCES `location` (`location_id`)
) ENGINE=InnoDB AUTO_INCREMENT=31 DEFAULT CHARSET=utf8mb3;
/*!40101 SET character_set_client = @saved_cs_client */;

--
-- Dumping data for table `airports`
--

LOCK TABLES `airports` WRITE;
/*!40000 ALTER TABLE `airports` DISABLE KEYS */;
INSERT INTO `airports` VALUES (1,'EWR','Newark Liberty International',1),(2,'IAH','George Bush Intercontinental/Houston',2),(3,'LAX','Los Angeles International',3),(4,'MIA','Miami International',4),(5,'MSP','Minneapolis-St Paul International',5),(6,'ORD','Chicago O\'Hare International',6),(7,'PHX','Phoenix Sky Harbor International',7),(8,'SLC','Salt Lake City International',8),(9,'TPA','Tampa International',9),(10,'ATL','Hartsfield-Jackson Atlanta International',10),(11,'AUS','Austin - Bergstrom International',11),(12,'BNA','Nashville International',12),(13,'BOS','Logan International',13),(14,'BWI','Baltimore/Washington International Thurgood',14),(15,'CLT','Charlotte Douglas International',15),(16,'DFW','Dallas/Fort Worth International',16),(17,'DTW','Detroit Metro Wayne County',17),(18,'FLL','Fort Lauderdale-Hollywood International',18),(19,'LAS','Harry Reid International',19),(20,'LGA','LaGuardia',20),(21,'MCO','Orlando International',21),(22,'PHL','Philadelphia International',22),(23,'SAN','San Diego International',23),(24,'SEA','Seattle/Tacoma International',24),(25,'DCA','Ronald Reagan Washington National',25),(26,'IAD','Washington Dulles International',25),(27,'DEN','Denver International',26),(28,'JFK','John F. Kennedy International',20),(29,'MDW','Chicago Midway International',6),(30,'SFO','San Francisco International',27);
/*!40000 ALTER TABLE `airports` ENABLE KEYS */;
UNLOCK TABLES;

--
-- Table structure for table `causes`
--

DROP TABLE IF EXISTS `causes`;
/*!40101 SET @saved_cs_client     = @@character_set_client */;
/*!50503 SET character_set_client = utf8mb4 */;
CREATE TABLE `causes` (
  `cause_id` int NOT NULL AUTO_INCREMENT,
  `cause` varchar(45) DEFAULT NULL,
  PRIMARY KEY (`cause_id`)
) ENGINE=InnoDB AUTO_INCREMENT=6 DEFAULT CHARSET=utf8mb3;
/*!40101 SET character_set_client = @saved_cs_client */;

--
-- Dumping data for table `causes`
--

LOCK TABLES `causes` WRITE;
/*!40000 ALTER TABLE `causes` DISABLE KEYS */;
INSERT INTO `causes` VALUES (1,'carrier'),(2,'weather'),(3,'nas'),(4,'security'),(5,'aircraft');
/*!40000 ALTER TABLE `causes` ENABLE KEYS */;
UNLOCK TABLES;

--
-- Table structure for table `flights`
--

DROP TABLE IF EXISTS `flights`;
/*!40101 SET @saved_cs_client     = @@character_set_client */;
/*!50503 SET character_set_client = utf8mb4 */;
CREATE TABLE `flights` (
  `flight_id` int NOT NULL AUTO_INCREMENT,
  `arr_flights` int DEFAULT NULL,
  `arr_delay` int DEFAULT NULL,
  `arr_canceled` int DEFAULT NULL,
  `arr_diverted` int DEFAULT NULL,
  `airline_id` int NOT NULL,
  `airport_id` int NOT NULL,
  `time_periods_id` int NOT NULL,
  PRIMARY KEY (`flight_id`),
  KEY `fk_Flights_Airlines1_idx` (`airline_id`),
  KEY `fk_Flights_Airports1_idx` (`airport_id`),
  KEY `fk_flights_time_periods1_idx` (`time_periods_id`),
  CONSTRAINT `fk_Flights_Airlines1` FOREIGN KEY (`airline_id`) REFERENCES `airlines` (`airline_id`),
  CONSTRAINT `fk_Flights_Airports1` FOREIGN KEY (`airport_id`) REFERENCES `airports` (`airport_id`),
  CONSTRAINT `fk_flights_time_periods1` FOREIGN KEY (`time_periods_id`) REFERENCES `time_periods` (`time_id`)
) ENGINE=InnoDB AUTO_INCREMENT=378 DEFAULT CHARSET=utf8mb3;
/*!40101 SET character_set_client = @saved_cs_client */;

--
-- Dumping data for table `flights`
--

LOCK TABLES `flights` WRITE;
/*!40000 ALTER TABLE `flights` DISABLE KEYS */;
INSERT INTO `flights` VALUES (1,107,2531,0,0,1,1,1),(2,138,1227,5,1,1,2,1),(3,30,394,0,1,1,3,1),(4,1464,21485,12,0,1,4,1),(5,47,430,0,0,1,5,1),(6,2518,44858,10,2,1,6,1),(7,965,10064,3,0,1,7,1),(8,47,303,0,0,1,8,1),(9,131,1978,0,2,1,9,1),(10,858,17094,6,1,2,10,1),(11,94,1609,0,0,2,11,1),(12,187,2447,2,0,2,12,1),(13,520,9460,10,1,2,13,1),(14,481,6568,1,0,2,14,1),(15,345,3996,1,0,2,15,1),(16,772,15638,3,6,2,16,1),(17,849,13158,4,0,2,17,1),(18,864,16959,9,3,2,1,1),(19,2067,35353,5,1,2,18,1),(20,800,11829,3,1,2,2,1),(21,1758,20950,7,1,2,19,1),(22,864,8949,4,2,2,3,1),(23,703,9989,2,0,2,20,1),(24,1412,19540,6,0,2,21,1),(25,409,8173,4,0,2,4,1),(26,110,1050,0,0,2,5,1),(27,630,8537,3,0,2,6,1),(28,343,4955,2,0,2,22,1),(29,41,911,0,0,2,7,1),(30,185,3181,4,1,2,23,1),(31,70,1055,0,0,2,24,1),(32,38,793,0,0,2,8,1),(33,384,6768,0,0,2,9,1),(34,299,6475,2,1,3,10,1),(35,299,5646,2,0,3,12,1),(36,8,0,0,0,3,14,1),(37,5193,101579,23,3,3,15,1),(38,3281,103150,70,20,3,25,1),(39,932,27154,23,4,3,16,1),(40,134,3601,1,0,3,17,1),(41,143,1935,0,0,3,26,1),(42,24,325,0,1,3,2,1),(43,90,2515,0,0,3,5,1),(44,1139,29628,4,2,3,22,1),(45,599,23235,5,2,4,10,1),(46,482,6712,2,0,4,11,1),(47,345,7396,0,0,4,12,1),(48,18,243,0,0,4,25,1),(49,5791,75786,36,3,4,27,1),(50,2453,60805,99,18,4,16,1),(51,2408,57888,26,1,4,17,1),(52,249,7130,1,0,4,26,1),(53,937,19723,17,4,4,2,1),(54,201,5089,2,0,4,28,1),(55,314,9327,8,0,4,19,1),(56,3463,56849,36,10,4,3,1),(57,316,7588,0,3,4,20,1),(58,156,3381,1,0,4,29,1),(59,2337,70862,48,2,4,5,1),(60,4144,102869,52,4,4,6,1),(61,26,492,0,0,4,22,1),(62,2543,33181,17,0,4,7,1),(63,1162,27024,51,16,4,23,1),(64,2087,23147,29,9,4,24,1),(65,3018,63156,49,11,4,30,1),(66,2778,31798,14,6,4,8,1),(67,21,307,1,0,5,12,1),(68,112,1343,2,1,5,13,1),(69,3158,54069,23,7,5,15,1),(70,31,233,0,0,5,17,1),(71,594,27839,11,3,5,6,1),(72,1764,46660,7,1,5,22,1),(73,183,1789,0,0,6,19,1),(74,294,2733,6,0,6,3,1),(75,31,69,0,0,6,5,1),(76,45,125,0,0,6,7,1),(77,58,1276,1,0,6,23,1),(78,1788,15378,47,1,6,24,1),(79,150,1737,5,0,6,30,1),(80,12,0,0,0,6,8,1),(81,531,5019,4,1,7,10,1),(82,723,9271,2,0,7,11,1),(83,448,4694,2,0,7,12,1),(84,971,17074,9,2,7,13,1),(85,283,2130,0,0,7,14,1),(86,321,4895,0,2,7,15,1),(87,474,4858,0,0,7,25,1),(88,8538,76015,33,3,7,27,1),(89,691,8457,2,6,7,16,1),(90,216,1870,1,0,7,17,1),(91,5955,116838,36,11,7,1,1),(92,835,9607,5,0,7,18,1),(93,2742,32238,10,1,7,26,1),(94,6015,90828,68,15,7,2,1),(95,1261,9436,3,2,7,19,1),(96,2386,24065,6,5,7,3,1),(97,644,8186,0,3,7,20,1),(98,1249,15007,13,4,7,21,1),(99,662,11237,3,0,7,4,1),(100,359,3452,1,0,7,5,1),(101,7111,84243,25,4,7,6,1),(102,324,2928,3,0,7,22,1),(103,1020,8047,1,1,7,7,1),(104,880,15823,7,17,7,23,1),(105,643,5003,2,2,7,24,1),(106,4585,66778,27,5,7,30,1),(107,348,4601,2,1,7,8,1),(108,803,7999,1,1,7,9,1),(109,2505,27650,6,2,8,10,1),(110,3156,34979,14,1,8,11,1),(111,4301,44612,8,1,8,12,1),(112,545,6766,9,0,8,13,1),(113,5971,53012,15,4,8,14,1),(114,276,4234,0,0,8,15,1),(115,1351,17502,3,3,8,25,1),(116,7668,76228,18,3,8,27,1),(117,326,2553,1,0,8,17,1),(118,1110,14797,4,0,8,18,1),(119,103,1344,0,0,8,26,1),(120,7116,65556,27,3,8,19,1),(121,2087,21683,3,0,8,3,1),(122,1022,13900,9,0,8,20,1),(123,3707,49104,8,8,8,21,1),(124,5401,55207,26,11,8,29,1),(125,383,5804,3,0,8,4,1),(126,602,6069,2,0,8,5,1),(127,428,4433,0,0,8,6,1),(128,450,4646,0,1,8,22,1),(129,5916,56344,36,2,8,7,1),(130,2835,52016,89,57,8,23,1),(131,558,6043,1,1,8,24,1),(132,646,11573,3,0,8,30,1),(133,956,12441,1,2,8,8,1),(134,1946,23447,5,6,8,9,1),(135,41,392,0,0,9,10,1),(136,81,2194,1,1,9,11,1),(137,68,695,1,0,9,12,1),(138,2,0,0,0,9,14,1),(139,129,1191,1,0,9,15,1),(140,2,27,0,0,9,25,1),(141,144,3173,2,0,9,16,1),(142,43,672,0,0,9,17,1),(143,1049,13903,6,1,9,26,1),(144,2354,40737,37,6,9,2,1),(145,1,0,0,0,9,20,1),(146,64,771,0,0,9,5,1),(147,46,399,0,0,9,22,1),(148,62,1051,1,0,9,7,1),(149,32,178,0,0,9,8,1),(150,90,862,1,0,10,10,1),(151,14,43,0,0,10,11,1),(152,566,5237,0,0,10,12,1),(153,2283,26605,23,5,10,13,1),(154,82,220,0,0,10,14,1),(155,193,1454,2,0,10,15,1),(156,2268,28303,11,11,10,25,1),(157,3,0,0,0,10,16,1),(158,3450,58572,24,8,11,10,1),(159,39,238,0,0,11,12,1),(160,306,4441,1,0,11,15,1),(161,127,2330,0,1,11,25,1),(162,2,152,0,0,11,16,1),(163,1074,9210,1,1,11,17,1),(164,126,2056,0,1,11,1,1),(165,8,31,0,0,11,18,1),(166,24,151,0,0,11,26,1),(167,1004,20067,4,0,11,28,1),(168,2107,30570,4,1,11,20,1),(169,8,143,0,0,11,4,1),(170,811,11176,1,0,11,5,1),(171,17,197,0,0,11,22,1),(172,8,236,0,1,11,9,1),(173,536,9049,6,3,12,10,1),(174,1037,20609,10,1,12,11,1),(175,574,10779,10,1,12,12,1),(176,1237,23821,19,5,12,13,1),(177,275,5162,3,0,12,14,1),(178,9954,171582,30,9,12,15,1),(179,1991,31238,10,10,12,25,1),(180,726,11655,13,0,12,27,1),(181,13622,303265,346,149,12,16,1),(182,431,7088,1,1,12,17,1),(183,519,14255,3,1,12,1,1),(184,640,9495,6,1,12,18,1),(185,60,1298,1,0,12,26,1),(186,551,10399,6,1,12,2,1),(187,1155,22404,2,2,12,28,1),(188,1210,17660,11,3,12,19,1),(189,2494,29893,9,2,12,3,1),(190,1471,28209,4,6,12,20,1),(191,1632,27496,11,3,12,21,1),(192,5361,91297,18,3,12,4,1),(193,420,5540,8,0,12,5,1),(194,3892,73491,17,0,12,6,1),(195,3175,57199,11,3,12,22,1),(196,4529,67099,13,2,12,7,1),(197,805,20460,12,19,12,23,1),(198,444,6115,6,3,12,24,1),(199,926,17157,7,1,12,30,1),(200,299,5795,7,0,12,8,1),(201,1155,21995,4,1,12,9,1),(202,144,2884,2,0,13,10,1),(203,205,2821,1,0,13,11,1),(204,91,499,0,0,13,12,1),(205,187,2575,0,0,13,13,1),(206,54,287,0,0,13,14,1),(207,155,1509,0,0,13,25,1),(208,167,505,1,0,13,27,1),(209,202,2203,2,1,13,16,1),(210,29,73,0,0,13,17,1),(211,288,2671,3,1,13,1,1),(212,148,2840,0,0,13,18,1),(213,147,1320,0,1,13,26,1),(214,62,535,0,0,13,2,1),(215,356,5740,1,0,13,28,1),(216,459,5267,0,0,13,19,1),(217,812,7282,2,1,13,3,1),(218,247,5416,0,0,13,21,1),(219,77,1634,0,0,13,4,1),(220,54,465,0,0,13,5,1),(221,211,2315,0,0,13,6,1),(222,55,938,0,0,13,22,1),(223,479,4375,5,0,13,7,1),(224,955,17177,19,20,13,23,1),(225,5939,62757,37,6,13,24,1),(226,1025,19084,4,2,13,30,1),(227,70,759,0,0,13,8,1),(228,100,3510,0,0,13,9,1),(229,204,4526,3,0,14,10,1),(230,31,406,0,0,14,11,1),(231,78,1264,1,1,14,12,1),(232,3482,82921,79,14,14,13,1),(233,561,12866,8,2,14,25,1),(234,105,2517,2,0,14,27,1),(235,29,182,0,0,14,16,1),(236,60,1253,2,0,14,17,1),(237,521,15767,3,3,14,1,1),(238,1808,39604,14,7,14,18,1),(239,61,1649,0,1,14,2,1),(240,3142,70865,33,5,14,28,1),(241,245,2820,1,1,14,19,1),(242,671,6002,0,0,14,3,1),(243,435,10535,5,1,14,20,1),(244,1687,43029,5,3,14,21,1),(245,168,4584,4,0,14,4,1),(246,84,978,1,0,14,6,1),(247,79,865,3,0,14,22,1),(248,168,1536,2,0,14,7,1),(249,133,1355,1,4,14,23,1),(250,31,335,0,0,14,24,1),(251,371,4843,0,1,14,30,1),(252,57,1058,1,0,14,8,1),(253,503,11262,3,4,14,9,1),(254,1,0,1,0,15,11,1),(255,1363,35229,20,4,15,26,1),(256,2003,41226,41,12,15,2,1),(257,1,0,0,0,15,20,1),(258,13,143,0,0,15,22,1),(259,18697,219566,11,13,16,10,1),(260,960,13064,0,1,16,11,1),(261,723,7069,0,0,16,12,1),(262,2167,42748,14,4,16,13,1),(263,453,4330,0,0,16,14,1),(264,458,4756,0,0,16,15,1),(265,751,8558,1,3,16,25,1),(266,987,12247,0,0,16,27,1),(267,1012,16391,1,13,16,16,1),(268,4776,69939,7,4,16,17,1),(269,541,11166,0,1,16,1,1),(270,1135,17511,1,0,16,18,1),(271,251,2712,0,1,16,26,1),(272,655,10039,0,4,16,2,1),(273,2575,42690,1,2,16,28,1),(274,1382,11276,0,1,16,19,1),(275,3048,37001,1,6,16,3,1),(276,2491,38906,2,5,16,20,1),(277,1934,30452,1,1,16,21,1),(278,123,994,0,0,16,29,1),(279,1031,17445,3,1,16,4,1),(280,5393,68294,3,3,16,5,1),(281,854,9306,0,0,16,6,1),(282,488,7036,0,0,16,22,1),(283,929,13126,0,2,16,7,1),(284,819,12439,4,22,16,23,1),(285,2626,29880,4,4,16,24,1),(286,1027,13939,0,1,16,30,1),(287,4635,56973,5,5,16,8,1),(288,1146,18012,1,3,16,9,1),(289,1007,24036,4,0,17,10,1),(290,87,1727,0,0,17,11,1),(291,38,727,0,0,17,12,1),(292,170,2528,2,0,17,13,1),(293,240,3652,2,0,17,14,1),(294,272,4885,1,0,17,15,1),(295,93,596,0,0,17,25,1),(296,1850,25464,4,0,17,27,1),(297,729,18723,2,6,17,16,1),(298,193,2539,1,0,17,17,1),(299,93,2594,0,0,17,1,1),(300,142,2636,3,0,17,18,1),(301,69,1492,0,0,17,26,1),(302,322,5695,2,0,17,2,1),(303,186,2176,0,0,17,28,1),(304,1007,11990,1,1,17,19,1),(305,381,4344,1,0,17,3,1),(306,250,6549,0,0,17,20,1),(307,1740,35025,15,0,17,21,1),(308,250,3751,2,0,17,29,1),(309,330,9092,3,0,17,4,1),(310,97,785,0,0,17,5,1),(311,231,5740,4,0,17,6,1),(312,822,18781,5,0,17,22,1),(313,689,11404,3,1,17,7,1),(314,233,5162,6,4,17,23,1),(315,112,773,0,0,17,24,1),(316,430,8753,2,0,17,30,1),(317,239,2338,0,0,17,8,1),(318,616,11158,3,1,17,9,1),(319,71,3049,1,0,18,11,1),(320,206,5302,2,0,18,12,1),(321,38,88,2,1,18,13,1),(322,1,0,0,0,18,14,1),(323,16,245,0,0,18,27,1),(324,74,952,0,0,18,1,1),(325,346,10391,5,1,18,18,1),(326,25,384,1,0,18,26,1),(327,701,23575,5,1,18,19,1),(328,70,1390,0,0,18,3,1),(329,32,163,0,0,18,21,1),(330,19,370,0,1,18,29,1),(331,17,1176,0,0,18,5,1),(332,32,501,0,0,18,7,1),(333,8,508,0,0,18,23,1),(334,212,5777,7,1,19,25,1),(335,69,1233,0,0,19,17,1),(336,978,27890,18,3,19,1,1),(337,492,8971,2,0,19,26,1),(338,1,0,0,0,19,20,1),(339,1370,30565,5,2,19,6,1),(340,33,268,0,0,19,22,1),(341,14,213,0,0,20,11,1),(342,18,367,0,0,20,13,1),(343,31,691,0,0,20,28,1),(344,123,1417,0,1,20,19,1),(345,192,2388,1,0,20,3,1),(346,31,270,0,0,20,7,1),(347,62,964,1,0,20,23,1),(348,79,1023,3,0,20,24,1),(349,79,1597,1,1,20,30,1),(350,31,132,0,0,20,8,1),(351,84,175,2,0,1,10,1),(352,56,768,1,0,1,11,1),(353,172,1045,1,0,1,12,1),(354,151,2064,3,1,1,13,1),(355,59,671,0,0,1,14,1),(356,498,6484,10,0,1,15,1),(357,270,3071,1,1,1,25,1),(358,36,529,0,0,1,27,1),(359,5370,96036,79,32,1,16,1),(360,106,1180,0,0,1,17,1),(361,487,2452,0,1,10,17,1),(362,1783,23672,30,5,10,1,1),(363,665,6090,0,0,10,26,1),(364,15,279,0,1,10,2,1),(365,1621,22733,9,1,10,28,1),(366,3585,44163,13,2,10,20,1),(367,64,1244,0,0,10,4,1),(368,154,1239,0,0,10,5,1),(369,2515,20841,10,3,10,6,1),(370,542,6252,3,3,10,22,1),(371,7,127,0,0,10,9,1),(372,1,426,0,0,21,10,1),(373,2,0,0,0,21,12,1),(374,1,378,0,0,21,15,1),(375,10,130,0,0,21,17,1),(376,1629,42515,24,1,21,6,1),(377,216,6957,0,1,21,22,1);
/*!40000 ALTER TABLE `flights` ENABLE KEYS */;
UNLOCK TABLES;

--
-- Table structure for table `flights_causes`
--

DROP TABLE IF EXISTS `flights_causes`;
/*!40101 SET @saved_cs_client     = @@character_set_client */;
/*!50503 SET character_set_client = utf8mb4 */;
CREATE TABLE `flights_causes` (
  `cause_id` int NOT NULL,
  `flight_id` int NOT NULL,
  `delay_count` int DEFAULT NULL,
  `avg_duration` float DEFAULT NULL,
  PRIMARY KEY (`cause_id`,`flight_id`),
  KEY `fk_causes_has_flights_flights1_idx` (`flight_id`),
  KEY `fk_causes_has_flights_causes1_idx` (`cause_id`),
  CONSTRAINT `fk_causes_has_flights_causes1` FOREIGN KEY (`cause_id`) REFERENCES `causes` (`cause_id`),
  CONSTRAINT `fk_causes_has_flights_flights1` FOREIGN KEY (`flight_id`) REFERENCES `flights` (`flight_id`)
) ENGINE=InnoDB DEFAULT CHARSET=utf8mb3;
/*!40101 SET character_set_client = @saved_cs_client */;

--
-- Dumping data for table `flights_causes`
--

LOCK TABLES `flights_causes` WRITE;
/*!40000 ALTER TABLE `flights_causes` DISABLE KEYS */;
INSERT INTO `flights_causes` VALUES (1,1,335,6.01),(1,2,88,2.44),(1,3,217,1),(1,4,6383,97.79),(1,5,73,2.15),(1,6,15272,151.23),(1,7,1718,29.27),(1,8,35,0.94),(1,9,1213,6.96),(1,10,3404,55.18),(1,11,397,4.36),(1,12,607,11.81),(1,13,2113,23.52),(1,14,2438,38.61),(1,15,1332,22.9),(1,16,3593,39.5),(1,17,3848,41.98),(1,18,3467,42.45),(1,19,9941,139.63),(1,20,3597,41.3),(1,21,6238,83.6),(1,22,2954,50.27),(1,23,2927,44.94),(1,24,5696,68.97),(1,25,2693,32.39),(1,26,400,4.81),(1,27,2000,34.48),(1,28,1679,26.82),(1,29,556,2.22),(1,30,706,9.03),(1,31,161,3.49),(1,32,336,2),(1,33,1883,18.93),(1,34,1764,25.85),(1,35,1615,32.26),(1,36,0,0),(1,37,31944,287.54),(1,38,27278,186.55),(1,39,7016,71.24),(1,40,538,11.67),(1,41,458,8.58),(1,42,45,0.61),(1,43,735,13.19),(1,44,14488,87.98),(1,45,16633,123.7),(1,46,2411,36.95),(1,47,3433,48.79),(1,48,201,4.02),(1,49,36683,404.3),(1,50,35475,333.97),(1,51,39330,404.53),(1,52,4128,44.02),(1,53,8028,95.45),(1,54,3307,28.09),(1,55,2648,24.92),(1,56,26131,331.62),(1,57,5081,53.44),(1,58,2008,27.02),(1,59,48144,413.85),(1,60,45188,520.94),(1,61,438,4.75),(1,62,24116,265.97),(1,63,6464,115.26),(1,64,8669,152.02),(1,65,18241,287.96),(1,66,16828,175.68),(1,67,3,0.2),(1,68,280,5.23),(1,69,15810,137.38),(1,70,70,0.65),(1,71,4449,40.8),(1,72,11059,97.01),(1,73,347,7.05),(1,74,1144,12.86),(1,75,18,1),(1,76,0,0),(1,77,255,3.87),(1,78,3972,61.5),(1,79,398,6.16),(1,80,0,0),(1,81,1635,36.79),(1,82,3312,50.52),(1,83,1520,36.54),(1,84,4202,61),(1,85,751,18.3),(1,86,1509,22.42),(1,87,1859,33.75),(1,88,28956,420.34),(1,89,2769,46.72),(1,90,745,12.76),(1,91,30508,373.49),(1,92,2461,44.31),(1,93,12054,187.99),(1,94,25210,359.25),(1,95,3593,70.21),(1,96,7701,139.88),(1,97,2693,40.61),(1,98,4417,74.2),(1,99,2756,53.9),(1,100,1407,30.84),(1,101,27662,420.01),(1,102,824,15.16),(1,103,2434,44.37),(1,104,2817,52.5),(1,105,1780,33.07),(1,106,19949,282.57),(1,107,1413,26.63),(1,108,2045,44.71),(1,109,7034,140.79),(1,110,9242,182.7),(1,111,11030,228.66),(1,112,2572,42.34),(1,113,14438,295.57),(1,114,1632,27.91),(1,115,3917,72.9),(1,116,20282,381.48),(1,117,985,25.61),(1,118,4218,75.82),(1,119,510,9.58),(1,120,17126,337.34),(1,121,5816,125.64),(1,122,3863,79.3),(1,123,13504,225.09),(1,124,15312,301.45),(1,125,1740,29.87),(1,126,1714,40.3),(1,127,1070,21.4),(1,128,1170,33.34),(1,129,13757,267.33),(1,130,10637,174.66),(1,131,1944,45.2),(1,132,3064,55.31),(1,133,3710,81.72),(1,134,5740,124.83),(1,135,143,2.76),(1,136,734,8.67),(1,137,117,2.56),(1,138,0,0),(1,139,345,4.91),(1,140,25,0.93),(1,141,578,9.17),(1,142,84,2.71),(1,143,2865,48.04),(1,144,9650,119.58),(1,145,0,0),(1,146,230,2.97),(1,147,121,2.9),(1,148,235,3.39),(1,149,112,1.71),(1,150,118,4.95),(1,151,0,0),(1,152,1302,24.43),(1,153,8516,114.4),(1,154,22,0.54),(1,155,376,8.92),(1,156,7729,95.11),(1,157,0,0),(1,158,15335,136.35),(1,159,102,3),(1,160,1104,15.56),(1,161,262,1.98),(1,162,0,0),(1,163,2453,36.83),(1,164,256,4.85),(1,165,0,0),(1,166,6,0.27),(1,167,4901,56.29),(1,168,8385,82.34),(1,169,47,1),(1,170,2093,31.76),(1,171,155,1),(1,172,0,0),(1,173,3816,50.73),(1,174,7225,94.96),(1,175,3350,51.46),(1,176,4977,68.33),(1,177,1976,32.85),(1,178,67626,594.62),(1,179,10518,111.65),(1,180,3968,66.56),(1,181,95737,795.72),(1,182,1637,32.55),(1,183,2995,47.77),(1,184,2737,48.82),(1,185,316,7.2),(1,186,2146,51.56),(1,187,6889,70.5),(1,188,5261,100.41),(1,189,12507,170.9),(1,190,6856,103.16),(1,191,7635,127.59),(1,192,36649,394.88),(1,193,1634,28.63),(1,194,29689,241.46),(1,195,19363,200.81),(1,196,31017,255.59),(1,197,4792,59.81),(1,198,1954,44.29),(1,199,5785,78.08),(1,200,2067,30.33),(1,201,5623,80.35),(1,202,349,9.34),(1,203,895,9.78),(1,204,162,5.5),(1,205,569,11.4),(1,206,142,3),(1,207,456,6.21),(1,208,139,4.75),(1,209,520,17.35),(1,210,10,0.56),(1,211,656,9.36),(1,212,92,2.72),(1,213,338,7.12),(1,214,278,6.45),(1,215,1437,18.7),(1,216,2029,29.68),(1,217,2684,52.04),(1,218,1216,15.48),(1,219,296,4.53),(1,220,124,2.44),(1,221,673,14.47),(1,222,577,7.81),(1,223,1539,30.07),(1,224,2617,40.75),(1,225,16603,239.32),(1,226,3415,52.99),(1,227,490,4.15),(1,228,803,7.17),(1,229,1855,33.24),(1,230,85,2.44),(1,231,473,4.56),(1,232,22976,263.44),(1,233,2991,49.04),(1,234,647,8.9),(1,235,71,0.95),(1,236,581,9.06),(1,237,4141,61.84),(1,238,10100,180.42),(1,239,595,9.1),(1,240,22955,289.74),(1,241,877,10.96),(1,242,2839,37.52),(1,243,2605,34.37),(1,244,9966,166.29),(1,245,1580,31.49),(1,246,451,7.24),(1,247,303,5.88),(1,248,413,10.18),(1,249,575,8),(1,250,173,2.43),(1,251,1378,23.04),(1,252,320,6.69),(1,253,3822,54.24),(1,254,0,0),(1,255,7913,94.78),(1,256,8794,86.21),(1,257,0,0),(1,258,54,1.49),(1,259,91810,990.35),(1,260,7134,76),(1,261,4106,77.89),(1,262,17669,176.59),(1,263,2203,39.3),(1,264,2864,46.32),(1,265,3806,72.36),(1,266,5748,92.73),(1,267,8505,110.01),(1,268,29800,281.89),(1,269,5021,60.2),(1,270,8388,122.44),(1,271,1088,21.46),(1,272,4716,72.73),(1,273,18362,201.1),(1,274,6509,97.82),(1,275,21009,236.95),(1,276,14857,186.15),(1,277,13555,204.22),(1,278,528,10.62),(1,279,7056,104.62),(1,280,26548,276.28),(1,281,5098,91.58),(1,282,3667,51.59),(1,283,7603,88.29),(1,284,4386,61.2),(1,285,12002,130.56),(1,286,6246,81.7),(1,287,28524,283.91),(1,288,8994,128.4),(1,289,5074,62.54),(1,290,241,3.52),(1,291,68,2.37),(1,292,636,13.11),(1,293,861,14.73),(1,294,1894,14.55),(1,295,160,4.57),(1,296,6611,77.59),(1,297,3441,35.33),(1,298,769,14.97),(1,299,566,9.38),(1,300,583,12.35),(1,301,216,3.37),(1,302,1699,21.99),(1,303,1046,19.24),(1,304,2787,43.18),(1,305,1239,20.48),(1,306,1749,20.38),(1,307,11101,94.8),(1,308,770,15.33),(1,309,2129,24.93),(1,310,359,7.42),(1,311,1085,15.23),(1,312,5377,55.93),(1,313,1942,23.55),(1,314,983,6.01),(1,315,151,3.56),(1,316,2142,21.79),(1,317,333,7.32),(1,318,2356,44.29),(1,319,1895,6.96),(1,320,1211,12),(1,321,0,0),(1,322,0,0),(1,323,61,2.38),(1,324,310,7.02),(1,325,3654,19.05),(1,326,31,1.02),(1,327,10483,51.36),(1,328,746,3.26),(1,329,0,0),(1,330,237,2),(1,331,8,0.24),(1,332,169,1.76),(1,333,489,1.89),(1,334,1284,15.32),(1,335,475,8.67),(1,336,2867,34.73),(1,337,2194,28.22),(1,338,0,0),(1,339,7287,113.67),(1,340,75,2.62),(1,341,196,4.19),(1,342,214,4.43),(1,343,656,17.19),(1,344,923,22.82),(1,345,1847,42.55),(1,346,229,5.57),(1,347,820,16.91),(1,348,461,14.54),(1,349,1335,21.16),(1,350,132,4),(1,351,31,1.04),(1,352,113,2.97),(1,353,243,8.18),(1,354,398,11.08),(1,355,133,2.59),(1,356,1967,29.16),(1,357,682,13.42),(1,358,170,2.31),(1,359,16444,244.35),(1,360,297,5.86),(1,361,840,15.34),(1,362,3666,60.28),(1,363,1205,20.46),(1,364,14,0.51),(1,365,5734,86.05),(1,366,10850,158.2),(1,367,337,4.06),(1,368,451,6.47),(1,369,4809,84.97),(1,370,1221,21.39),(1,371,4,0.05),(1,372,365,0.86),(1,373,0,0),(1,374,287,0.76),(1,375,0,0),(1,376,13014,80.01),(1,377,2336,21.05),(2,1,491,5.89),(2,2,71,0.25),(2,3,132,0.75),(2,4,1458,10.53),(2,5,5,0.19),(2,6,3736,23.28),(2,7,2385,9.63),(2,8,17,1.04),(2,9,29,0.6),(2,10,249,2.46),(2,11,0,0),(2,12,10,0.08),(2,13,65,1.1),(2,14,41,1.4),(2,15,2,0.05),(2,16,70,0.9),(2,17,139,1.14),(2,18,446,4.52),(2,19,754,9.25),(2,20,162,4.47),(2,21,167,2.51),(2,22,361,3.11),(2,23,440,6.42),(2,24,284,3.31),(2,25,55,1.1),(2,26,28,0.45),(2,27,21,1.35),(2,28,3,0.09),(2,29,0,0),(2,30,0,0),(2,31,0,0),(2,32,0,0),(2,33,356,1.55),(2,34,472,3.4),(2,35,218,1.87),(2,36,0,0),(2,37,4905,40.17),(2,38,6184,46.14),(2,39,2876,20.26),(2,40,187,1.18),(2,41,62,1.24),(2,42,48,0.72),(2,43,317,2.02),(2,44,878,4.18),(2,45,4186,37.76),(2,46,2551,20.74),(2,47,1800,17.4),(2,48,0,0),(2,49,10034,67.72),(2,50,14531,93.64),(2,51,13507,145.3),(2,52,1305,11.8),(2,53,3471,16.52),(2,54,634,6.83),(2,55,1321,21.26),(2,56,14333,120.22),(2,57,848,9.1),(2,58,969,12.25),(2,59,17517,147.94),(2,60,11679,77.78),(2,61,29,0.76),(2,62,3577,34.61),(2,63,5965,52.27),(2,64,9888,101.18),(2,65,7132,71.73),(2,66,8742,91.73),(2,67,0,0),(2,68,0,0),(2,69,4743,31.6),(2,70,0,0),(2,71,5544,16.39),(2,72,2806,20.26),(2,73,31,1.41),(2,74,4,0.18),(2,75,0,0),(2,76,0,0),(2,77,24,0.63),(2,78,474,5.79),(2,79,11,0.17),(2,80,0,0),(2,81,219,1.87),(2,82,376,3.85),(2,83,132,0.92),(2,84,2113,6.25),(2,85,225,0.85),(2,86,75,1.93),(2,87,278,2.98),(2,88,3099,30.29),(2,89,406,5.53),(2,90,166,1.5),(2,91,4246,33.82),(2,92,422,4.6),(2,93,661,7.18),(2,94,4046,25.76),(2,95,370,3.59),(2,96,1024,8.42),(2,97,357,6.51),(2,98,757,8.23),(2,99,338,3.02),(2,100,226,2.18),(2,101,2119,21.68),(2,102,222,1.83),(2,103,502,4.07),(2,104,4353,12.28),(2,105,517,3.22),(2,106,3770,30.12),(2,107,503,2.83),(2,108,402,2.05),(2,109,907,8.12),(2,110,736,5.65),(2,111,559,6.43),(2,112,29,0.57),(2,113,796,6.95),(2,114,34,0.49),(2,115,553,5.98),(2,116,1620,14.1),(2,117,14,0.13),(2,118,127,2.44),(2,119,0,0),(2,120,1351,11.42),(2,121,432,4.84),(2,122,240,3.01),(2,123,1097,12.5),(2,124,580,6.07),(2,125,130,0.87),(2,126,0,0),(2,127,82,1.26),(2,128,66,0.97),(2,129,1169,8.61),(2,130,3393,22.79),(2,131,0,0),(2,132,100,2.08),(2,133,287,1.84),(2,134,207,2.99),(2,135,0,0),(2,136,245,2.26),(2,137,76,0.92),(2,138,0,0),(2,139,0,0),(2,140,0,0),(2,141,1188,5.04),(2,142,0,0),(2,143,814,3.25),(2,144,4588,13.39),(2,145,0,0),(2,146,303,0.98),(2,147,52,2),(2,148,0,0),(2,149,0,0),(2,150,0,0),(2,151,0,0),(2,152,82,0.65),(2,153,1566,10.55),(2,154,0,0),(2,155,15,0.6),(2,156,1038,10.44),(2,157,0,0),(2,158,2684,19.61),(2,159,0,0),(2,160,0,0),(2,161,40,0.67),(2,162,0,0),(2,163,356,5.06),(2,164,11,0.37),(2,165,0,0),(2,166,0,0),(2,167,1333,10.58),(2,168,1024,15.89),(2,169,0,0),(2,170,571,3.77),(2,171,0,0),(2,172,0,0),(2,173,546,3.26),(2,174,1081,8.92),(2,175,1120,4.56),(2,176,1831,6.03),(2,177,189,1.55),(2,178,6786,82.5),(2,179,2302,12.09),(2,180,443,4.46),(2,181,26955,161.48),(2,182,292,3.14),(2,183,401,4.25),(2,184,449,4.75),(2,185,117,1.04),(2,186,1670,3.89),(2,187,374,5.37),(2,188,1795,7.83),(2,189,1637,11.46),(2,190,1116,9.99),(2,191,1033,8.23),(2,192,2867,28.04),(2,193,189,1.96),(2,194,2350,12.7),(2,195,3058,17.43),(2,196,2214,22.52),(2,197,3410,9.48),(2,198,356,5.1),(2,199,1103,7.34),(2,200,499,3.99),(2,201,1470,8.99),(2,202,498,2.18),(2,203,115,1.45),(2,204,0,0),(2,205,482,2.71),(2,206,0,0),(2,207,30,0.58),(2,208,13,0.52),(2,209,67,1.45),(2,210,26,0.96),(2,211,59,1.75),(2,212,56,1.05),(2,213,13,0.38),(2,214,36,1.52),(2,215,376,5.69),(2,216,70,1.36),(2,217,177,4.12),(2,218,149,2.55),(2,219,58,1.37),(2,220,0,0),(2,221,32,0.89),(2,222,16,0.24),(2,223,52,2.62),(2,224,1995,18.84),(2,225,2541,32.34),(2,226,843,11.51),(2,227,94,1),(2,228,594,3.18),(2,229,78,0.86),(2,230,0,0),(2,231,75,1),(2,232,497,8.92),(2,233,929,3.37),(2,234,312,1.91),(2,235,64,1),(2,236,24,0.33),(2,237,0,0),(2,238,1552,8.52),(2,239,25,0.41),(2,240,442,3.37),(2,241,476,2.5),(2,242,66,0.66),(2,243,75,0.84),(2,244,2077,10.78),(2,245,72,1.8),(2,246,43,0.81),(2,247,0,0),(2,248,35,1),(2,249,31,0.78),(2,250,0,0),(2,251,189,2.67),(2,252,134,1.22),(2,253,191,3.38),(2,254,0,0),(2,255,2829,10.32),(2,256,5129,28.24),(2,257,0,0),(2,258,70,1),(2,259,10901,75.16),(2,260,515,3.61),(2,261,63,0.89),(2,262,2440,8.62),(2,263,8,0.17),(2,264,17,0.13),(2,265,214,2.84),(2,266,1171,5.94),(2,267,154,2.86),(2,268,1344,18.24),(2,269,140,1.86),(2,270,208,4.55),(2,271,69,1.04),(2,272,963,1.99),(2,273,2435,8.55),(2,274,345,3.21),(2,275,233,5.1),(2,276,385,5.64),(2,277,275,4.48),(2,278,45,0.26),(2,279,21,0.49),(2,280,3979,29.58),(2,281,8,0.15),(2,282,143,0.41),(2,283,498,2.69),(2,284,42,1.07),(2,285,3269,11.97),(2,286,62,0.94),(2,287,3941,26.25),(2,288,382,2.48),(2,289,302,4.12),(2,290,0,0),(2,291,0,0),(2,292,27,0.35),(2,293,29,1),(2,294,81,0.51),(2,295,0,0),(2,296,778,6.26),(2,297,310,1.89),(2,298,84,0.36),(2,299,0,0),(2,300,0,0),(2,301,0,0),(2,302,124,1.53),(2,303,89,1.26),(2,304,259,2.94),(2,305,1,0.01),(2,306,160,1.31),(2,307,633,4.86),(2,308,40,0.2),(2,309,0,0),(2,310,13,0.2),(2,311,32,0.58),(2,312,29,0.17),(2,313,112,0.95),(2,314,671,3.66),(2,315,0,0),(2,316,110,1.26),(2,317,0,0),(2,318,67,1.53),(2,319,96,0.73),(2,320,1091,2.9),(2,321,0,0),(2,322,0,0),(2,323,0,0),(2,324,420,1.41),(2,325,187,4.43),(2,326,0,0),(2,327,2557,11.71),(2,328,36,2),(2,329,1,0.04),(2,330,0,0),(2,331,992,0.95),(2,332,64,1.31),(2,333,0,0),(2,334,133,0.81),(2,335,63,1),(2,336,509,2.9),(2,337,442,4.34),(2,338,0,0),(2,339,1183,8.41),(2,340,116,0.91),(2,341,0,0),(2,342,0,0),(2,343,0,0),(2,344,62,1),(2,345,0,0),(2,346,0,0),(2,347,38,0.48),(2,348,25,0.63),(2,349,0,0),(2,350,0,0),(2,351,12,0.74),(2,352,89,0.64),(2,353,92,2.34),(2,354,38,0.45),(2,355,45,0.21),(2,356,1307,7.94),(2,357,3,0.17),(2,358,0,0),(2,359,20437,133.43),(2,360,57,0.67),(2,361,241,2.18),(2,362,823,7.69),(2,363,645,4.71),(2,364,92,1.16),(2,365,907,13.87),(2,366,1394,18.57),(2,367,182,2.07),(2,368,2,0.08),(2,369,1315,7.15),(2,370,480,6.5),(2,371,0,0),(2,372,0,0),(2,373,0,0),(2,374,0,0),(2,375,130,1),(2,376,3550,16.23),(2,377,748,3),(3,1,1251,25.16),(3,2,529,6.47),(3,3,45,0.25),(3,4,3812,102.07),(3,5,50,2.26),(3,6,8155,219.16),(3,7,711,21.87),(3,8,67,1.38),(3,9,238,8.13),(3,10,8590,156.89),(3,11,736,10.6),(3,12,1208,19.87),(3,13,4150,58.87),(3,14,956,19.14),(3,15,1117,23.37),(3,16,7563,106.02),(3,17,4940,94.85),(3,18,10122,154.36),(3,19,12769,219.26),(3,20,4098,79.89),(3,21,7145,113.89),(3,22,2718,48.94),(3,23,4416,79.71),(3,24,7351,107.01),(3,25,3475,53.56),(3,26,176,5.01),(3,27,2972,52.79),(3,28,888,23.05),(3,29,253,5.8),(3,30,1836,29.3),(3,31,527,7.68),(3,32,73,2.18),(3,33,3110,42.53),(3,34,1568,37.06),(3,35,944,21.58),(3,36,0,0),(3,37,9736,269.92),(3,38,14580,305.08),(3,39,3950,70.47),(3,40,469,10.62),(3,41,325,8.47),(3,42,163,4.9),(3,43,278,4.48),(3,44,3940,91.7),(3,45,2309,25.97),(3,46,1153,15.43),(3,47,915,14.47),(3,48,42,0.98),(3,49,7876,96.18),(3,50,6425,81.42),(3,51,4323,72.17),(3,52,938,11.18),(3,53,3172,31.29),(3,54,1148,12.08),(3,55,1951,27.95),(3,56,7640,106.84),(3,57,1659,27.46),(3,58,404,7.73),(3,59,4690,73.2),(3,60,10330,178.24),(3,61,25,0.48),(3,62,1670,35),(3,63,6996,96.27),(3,64,2264,49.9),(3,65,21525,270.57),(3,66,2618,44.76),(3,67,33,1.1),(3,68,452,11.05),(3,69,5368,171.37),(3,70,80,2.37),(3,71,2949,56.36),(3,72,5799,143.84),(3,73,371,11.88),(3,74,397,12.94),(3,75,1,0.06),(3,76,54,1.55),(3,77,597,10.23),(3,78,3698,118.03),(3,79,923,18.62),(3,80,0,0),(3,81,1216,32.29),(3,82,1307,39.02),(3,83,750,22.76),(3,84,5957,74.43),(3,85,262,6.47),(3,86,666,20.64),(3,87,1400,35.77),(3,88,9340,245.62),(3,89,2427,40.79),(3,90,219,7.36),(3,91,46595,744.03),(3,92,3684,79.53),(3,93,5174,133.39),(3,94,28838,483.26),(3,95,1331,40.7),(3,96,3876,119.7),(3,97,3078,68.04),(3,98,3840,89.36),(3,99,4660,88.53),(3,100,289,7.35),(3,101,22261,636.74),(3,102,823,24.47),(3,103,1057,29.48),(3,104,3561,66.6),(3,105,549,16.08),(3,106,20737,415.26),(3,107,561,13.62),(3,108,3001,69.18),(3,109,6018,134.05),(3,110,7093,150.81),(3,111,4025,104.31),(3,112,1950,38.12),(3,113,6558,183.99),(3,114,439,10.36),(3,115,3474,83.77),(3,116,6810,199.13),(3,117,343,9.32),(3,118,3518,61.29),(3,119,101,3.04),(3,120,4506,131.17),(3,121,1921,49.68),(3,122,3778,83.66),(3,123,9197,161.76),(3,124,6205,179.07),(3,125,2308,37),(3,126,807,20.74),(3,127,326,8.5),(3,128,651,17.17),(3,129,3706,97.2),(3,130,18708,250.41),(3,131,641,20.95),(3,132,3879,71.26),(3,133,889,26.88),(3,134,5600,110.05),(3,135,163,3.45),(3,136,347,7.05),(3,137,88,2.83),(3,138,0,0),(3,139,236,6.55),(3,140,0,0),(3,141,780,9.39),(3,142,93,4.51),(3,143,3661,96.44),(3,144,10133,146.69),(3,145,0,0),(3,146,238,6.05),(3,147,151,6.65),(3,148,31,1.02),(3,149,49,2),(3,150,244,7.1),(3,151,43,1),(3,152,1151,27.72),(3,153,10213,149.96),(3,154,114,3.49),(3,155,591,17.43),(3,156,8616,218.74),(3,157,0,0),(3,158,10028,202),(3,159,117,3),(3,160,596,14.36),(3,161,1558,37.82),(3,162,132,1.55),(3,163,1762,41.46),(3,164,1443,23.56),(3,165,0,0),(3,166,24,1.3),(3,167,6394,92.18),(3,168,10599,203.57),(3,169,96,2),(3,170,2032,49.63),(3,171,42,1),(3,172,236,1),(3,173,1090,21.85),(3,174,2531,51.89),(3,175,961,26.69),(3,176,4696,79.95),(3,177,352,7.95),(3,178,16266,424.75),(3,179,3863,101.8),(3,180,1060,27.94),(3,181,56245,934.51),(3,182,522,13.54),(3,183,4058,91.46),(3,184,1630,38.7),(3,185,117,4.23),(3,186,2003,42.37),(3,187,5933,94.54),(3,188,1477,42.68),(3,189,3483,106.69),(3,190,5228,117.74),(3,191,5456,115.35),(3,192,17011,367.36),(3,193,494,13.97),(3,194,5621,142.54),(3,195,4765,139.73),(3,196,4633,145.9),(3,197,3602,75.4),(3,198,978,25.78),(3,199,3233,80.76),(3,200,721,17.32),(3,201,4495,97.85),(3,202,1231,23.26),(3,203,1088,25.09),(3,204,182,6.2),(3,205,799,14.53),(3,206,42,2),(3,207,788,18.22),(3,208,157,6.12),(3,209,1150,26.37),(3,210,9,0.48),(3,211,1305,29.64),(3,212,1732,20.84),(3,213,490,15.32),(3,214,146,4.51),(3,215,2304,55.07),(3,216,914,29.54),(3,217,1285,40.47),(3,218,2601,42.89),(3,219,1066,12.85),(3,220,117,3.18),(3,221,800,18.76),(3,222,213,4.64),(3,223,1010,34.3),(3,224,5136,118.76),(3,225,13429,394.85),(3,226,6814,138.55),(3,227,79,1.09),(3,228,1340,16.83),(3,229,571,12.15),(3,230,211,5.98),(3,231,180,2.71),(3,232,19680,316.12),(3,233,3140,59.52),(3,234,397,1.93),(3,235,47,2.05),(3,236,104,2.98),(3,237,2820,58.32),(3,238,7735,159.24),(3,239,579,10.96),(3,240,12582,245.13),(3,241,570,15.96),(3,242,1062,21.85),(3,243,2222,43.73),(3,244,6753,143.83),(3,245,1696,31.14),(3,246,241,5.67),(3,247,27,1.05),(3,248,438,11.04),(3,249,524,14.52),(3,250,134,5.16),(3,251,1336,32.35),(3,252,121,2.7),(3,253,2139,43.82),(3,254,0,0),(3,255,4208,97.25),(3,256,7578,89.11),(3,257,0,0),(3,258,7,0.24),(3,259,37922,946.69),(3,260,2556,57.75),(3,261,1429,33.55),(3,262,11655,161.72),(3,263,701,22.94),(3,264,668,20.81),(3,265,2914,76.15),(3,266,1740,46.49),(3,267,3446,76.79),(3,268,9754,238.34),(3,269,4619,93.35),(3,270,4202,97.51),(3,271,617,15.63),(3,272,1813,49.28),(3,273,9981,218.58),(3,274,2214,66.09),(3,275,4818,125.43),(3,276,7329,167.05),(3,277,8017,169.11),(3,278,2,0.06),(3,279,6067,117.9),(3,280,7972,216.43),(3,281,1593,49.07),(3,282,1817,39.52),(3,283,2012,62.25),(3,284,6206,86.17),(3,285,2800,78.22),(3,286,5167,128.6),(3,287,5422,138.01),(3,288,3839,83.13),(3,289,4923,119.22),(3,290,443,7.89),(3,291,57,0.98),(3,292,642,21.05),(3,293,383,8.68),(3,294,837,17.89),(3,295,347,7.4),(3,296,3118,62.93),(3,297,5461,81.03),(3,298,462,9.11),(3,299,771,13.01),(3,300,657,14.25),(3,301,308,4.7),(3,302,1793,41.01),(3,303,625,21.39),(3,304,759,24.14),(3,305,890,25.01),(3,306,1553,29.07),(3,307,7907,114.49),(3,308,227,7.03),(3,309,1851,34.67),(3,310,68,1.84),(3,311,500,10.39),(3,312,2607,59.45),(3,313,867,25.22),(3,314,1751,19.07),(3,315,173,6.13),(3,316,3832,71.48),(3,317,246,9.15),(3,318,3648,65.39),(3,319,414,6.49),(3,320,1403,9.52),(3,321,88,3),(3,322,0,0),(3,323,48,1.21),(3,324,222,6.58),(3,325,2310,36),(3,326,148,2.46),(3,327,2261,35.19),(3,328,199,4.61),(3,329,125,2.6),(3,330,42,1.17),(3,331,72,1),(3,332,71,1.65),(3,333,19,1.11),(3,334,1297,26.44),(3,335,272,5.31),(3,336,11236,179.45),(3,337,1607,33.35),(3,338,0,0),(3,339,4170,106.54),(3,340,63,1.11),(3,341,0,0),(3,342,0,0),(3,343,0,0),(3,344,0,0),(3,345,0,0),(3,346,0,0),(3,347,0,0),(3,348,0,0),(3,349,0,0),(3,350,0,0),(3,351,107,5.19),(3,352,180,2.95),(3,353,146,4.87),(3,354,713,11.84),(3,355,85,1.84),(3,356,806,26.41),(3,357,830,19.61),(3,358,108,1.66),(3,359,21914,332.56),(3,360,368,12.2),(3,361,565,17.26),(3,362,13941,270.54),(3,363,1496,38.96),(3,364,126,2),(3,365,10517,177.89),(3,366,16114,364.17),(3,367,195,4.41),(3,368,413,13.41),(3,369,5804,179.45),(3,370,1614,50.03),(3,371,66,1.18),(3,372,16,0.04),(3,373,0,0),(3,374,21,0.06),(3,375,0,0),(3,376,5675,137.33),(3,377,732,18.78),(4,1,0,0),(4,2,0,0),(4,3,0,0),(4,4,64,2.74),(4,5,0,0),(4,6,76,2.18),(4,7,73,0.99),(4,8,0,0),(4,9,0,0),(4,10,173,3.37),(4,11,0,0),(4,12,25,0.63),(4,13,20,0.8),(4,14,21,1.1),(4,15,16,0.48),(4,16,12,0.1),(4,17,15,0.47),(4,18,20,0.69),(4,19,361,6.99),(4,20,29,1),(4,21,102,3.42),(4,22,61,0.47),(4,23,48,1.65),(4,24,192,2.01),(4,25,103,2.19),(4,26,0,0),(4,27,42,1.51),(4,28,36,0.89),(4,29,10,0.22),(4,30,0,0),(4,31,44,0.15),(4,32,55,0.19),(4,33,0,0),(4,34,11,0.69),(4,35,0,0),(4,36,0,0),(4,37,42,1.68),(4,38,52,0.4),(4,39,0,0),(4,40,0,0),(4,41,48,0.18),(4,42,0,0),(4,43,0,0),(4,44,74,2.5),(4,45,0,0),(4,46,30,1),(4,47,0,0),(4,48,0,0),(4,49,52,1.56),(4,50,173,3),(4,51,0,0),(4,52,0,0),(4,53,0,0),(4,54,0,0),(4,55,0,0),(4,56,0,0),(4,57,0,0),(4,58,0,0),(4,59,264,2),(4,60,8,0.53),(4,61,0,0),(4,62,79,2.52),(4,63,0,0),(4,64,155,2),(4,65,0,0),(4,66,42,1),(4,67,0,0),(4,68,0,0),(4,69,133,2.44),(4,70,0,0),(4,71,0,0),(4,72,0,0),(4,73,0,0),(4,74,0,0),(4,75,0,0),(4,76,0,0),(4,77,0,0),(4,78,21,0.67),(4,79,0,0),(4,80,0,0),(4,81,0,0),(4,82,0,0),(4,83,0,0),(4,84,12,0.63),(4,85,0,0),(4,86,0,0),(4,87,0,0),(4,88,0,0),(4,89,0,0),(4,90,0,0),(4,91,0,0),(4,92,0,0),(4,93,0,0),(4,94,0,0),(4,95,0,0),(4,96,0,0),(4,97,0,0),(4,98,0,0),(4,99,0,0),(4,100,0,0),(4,101,0,0),(4,102,0,0),(4,103,0,0),(4,104,0,0),(4,105,0,0),(4,106,0,0),(4,107,15,0.58),(4,108,0,0),(4,109,92,2.01),(4,110,44,1.29),(4,111,419,6.16),(4,112,0,0),(4,113,247,5.13),(4,114,17,0.71),(4,115,8,0.5),(4,116,310,6.59),(4,117,0,0),(4,118,0,0),(4,119,0,0),(4,120,434,3.66),(4,121,23,1.2),(4,122,0,0),(4,123,118,3.58),(4,124,107,1.93),(4,125,0,0),(4,126,0,0),(4,127,0,0),(4,128,0,0),(4,129,138,4.21),(4,130,0,0),(4,131,0,0),(4,132,6,0.2),(4,133,0,0),(4,134,79,2.64),(4,135,0,0),(4,136,0,0),(4,137,0,0),(4,138,0,0),(4,139,0,0),(4,140,0,0),(4,141,0,0),(4,142,0,0),(4,143,0,0),(4,144,0,0),(4,145,0,0),(4,146,0,0),(4,147,0,0),(4,148,0,0),(4,149,0,0),(4,150,0,0),(4,151,0,0),(4,152,0,0),(4,153,28,0.78),(4,154,0,0),(4,155,0,0),(4,156,42,1.99),(4,157,0,0),(4,158,0,0),(4,159,0,0),(4,160,82,0.94),(4,161,0,0),(4,162,0,0),(4,163,0,0),(4,164,0,0),(4,165,0,0),(4,166,0,0),(4,167,0,0),(4,168,0,0),(4,169,0,0),(4,170,0,0),(4,171,0,0),(4,172,0,0),(4,173,0,0),(4,174,61,1.06),(4,175,0,0),(4,176,23,0.52),(4,177,44,1),(4,178,220,6.38),(4,179,26,0.87),(4,180,57,1.41),(4,181,411,11.7),(4,182,14,0.06),(4,183,41,0.81),(4,184,0,0),(4,185,0,0),(4,186,17,0.16),(4,187,37,1.24),(4,188,207,3.16),(4,189,112,2.91),(4,190,105,1.85),(4,191,35,1.13),(4,192,217,4.15),(4,193,9,0.45),(4,194,76,1.56),(4,195,47,1.39),(4,196,75,1.24),(4,197,0,0),(4,198,0,0),(4,199,90,1.41),(4,200,9,0.45),(4,201,45,0.98),(4,202,0,0),(4,203,8,0.1),(4,204,0,0),(4,205,33,1),(4,206,0,0),(4,207,0,0),(4,208,0,0),(4,209,0,0),(4,210,0,0),(4,211,0,0),(4,212,7,0.3),(4,213,0,0),(4,214,0,0),(4,215,0,0),(4,216,0,0),(4,217,78,1.38),(4,218,0,0),(4,219,0,0),(4,220,0,0),(4,221,0,0),(4,222,0,0),(4,223,0,0),(4,224,189,3.35),(4,225,427,12.31),(4,226,40,1.99),(4,227,0,0),(4,228,0,0),(4,229,0,0),(4,230,0,0),(4,231,0,0),(4,232,74,2.57),(4,233,65,1.51),(4,234,0,0),(4,235,0,0),(4,236,0,0),(4,237,49,1.82),(4,238,99,0.7),(4,239,10,0.3),(4,240,3,0.03),(4,241,0,0),(4,242,0,0),(4,243,0,0),(4,244,66,0.81),(4,245,280,0.94),(4,246,0,0),(4,247,20,0.95),(4,248,0,0),(4,249,0,0),(4,250,0,0),(4,251,11,0.05),(4,252,4,0.1),(4,253,11,0.52),(4,254,0,0),(4,255,29,1),(4,256,0,0),(4,257,0,0),(4,258,0,0),(4,259,0,0),(4,260,0,0),(4,261,0,0),(4,262,0,0),(4,263,66,0.78),(4,264,0,0),(4,265,0,0),(4,266,0,0),(4,267,0,0),(4,268,0,0),(4,269,0,0),(4,270,0,0),(4,271,0,0),(4,272,0,0),(4,273,178,1.64),(4,274,0,0),(4,275,0,0),(4,276,134,1.27),(4,277,0,0),(4,278,0,0),(4,279,51,1),(4,280,125,1.57),(4,281,0,0),(4,282,0,0),(4,283,0,0),(4,284,0,0),(4,285,0,0),(4,286,0,0),(4,287,39,0.78),(4,288,66,0.62),(4,289,0,0),(4,290,0,0),(4,291,0,0),(4,292,0,0),(4,293,0,0),(4,294,0,0),(4,295,0,0),(4,296,0,0),(4,297,0,0),(4,298,0,0),(4,299,0,0),(4,300,0,0),(4,301,0,0),(4,302,0,0),(4,303,0,0),(4,304,0,0),(4,305,0,0),(4,306,0,0),(4,307,0,0),(4,308,0,0),(4,309,0,0),(4,310,0,0),(4,311,0,0),(4,312,0,0),(4,313,0,0),(4,314,0,0),(4,315,0,0),(4,316,0,0),(4,317,0,0),(4,318,0,0),(4,319,0,0),(4,320,0,0),(4,321,0,0),(4,322,0,0),(4,323,0,0),(4,324,0,0),(4,325,23,0.47),(4,326,0,0),(4,327,0,0),(4,328,0,0),(4,329,0,0),(4,330,0,0),(4,331,0,0),(4,332,0,0),(4,333,0,0),(4,334,0,0),(4,335,0,0),(4,336,0,0),(4,337,0,0),(4,338,0,0),(4,339,0,0),(4,340,0,0),(4,341,17,0.81),(4,342,0,0),(4,343,0,0),(4,344,0,0),(4,345,69,2.04),(4,346,6,0.18),(4,347,16,0.73),(4,348,56,0.82),(4,349,0,0),(4,350,0,0),(4,351,0,0),(4,352,0,0),(4,353,0,0),(4,354,0,0),(4,355,0,0),(4,356,34,1.42),(4,357,0,0),(4,358,0,0),(4,359,159,4.24),(4,360,0,0),(4,361,0,0),(4,362,0,0),(4,363,0,0),(4,364,0,0),(4,365,19,1),(4,366,24,1),(4,367,0,0),(4,368,0,0),(4,369,0,0),(4,370,0,0),(4,371,0,0),(4,372,0,0),(4,373,0,0),(4,374,0,0),(4,375,0,0),(4,376,0,0),(4,377,0,0),(5,1,454,4.94),(5,2,539,4.84),(5,3,0,0),(5,4,9768,117.87),(5,5,302,3.4),(5,6,17619,198.15),(5,7,5177,49.24),(5,8,184,2.64),(5,9,498,12.31),(5,10,4678,55.09),(5,11,476,5.05),(5,12,597,7.62),(5,13,3112,35.71),(5,14,3112,41.74),(5,15,1529,30.18),(5,16,4400,51.48),(5,17,4216,54.55),(5,18,2904,33.97),(5,19,11528,143.86),(5,20,3943,51.34),(5,21,7298,81.57),(5,22,2855,34.22),(5,23,2158,30.28),(5,24,6017,71.69),(5,25,1847,23.76),(5,26,446,7.74),(5,27,3502,53.86),(5,28,2349,24.15),(5,29,92,1.77),(5,30,639,7.67),(5,31,323,5.68),(5,32,329,2.63),(5,33,1419,27.99),(5,34,2660,27.01),(5,35,2869,31.28),(5,36,0,0),(5,37,54952,614.69),(5,38,55056,493.83),(5,39,13312,95.03),(5,40,2407,18.53),(5,41,1042,15.53),(5,42,69,0.77),(5,43,1185,9.31),(5,44,10248,110.63),(5,45,107,1.57),(5,46,567,10.89),(5,47,1248,14.34),(5,48,0,0),(5,49,21141,179.24),(5,50,4201,68.97),(5,51,728,9),(5,52,759,3),(5,53,5052,42.74),(5,54,0,0),(5,55,3407,45.86),(5,56,8745,124.32),(5,57,0,0),(5,58,0,0),(5,59,247,3),(5,60,35664,342.5),(5,61,0,0),(5,62,3739,79.89),(5,63,7599,120.21),(5,64,2171,44.89),(5,65,16258,187.74),(5,66,3568,43.83),(5,67,271,3.7),(5,68,611,7.72),(5,69,28015,337.21),(5,70,83,1.98),(5,71,14897,92.45),(5,72,26996,217.88),(5,73,1040,10.66),(5,74,1188,15.03),(5,75,50,1.94),(5,76,71,1.45),(5,77,400,6.28),(5,78,7213,126.01),(5,79,405,9.05),(5,80,0,0),(5,81,1949,33.04),(5,82,4276,49.6),(5,83,2292,31.78),(5,84,4790,59.69),(5,85,892,19.38),(5,86,2645,30.01),(5,87,1321,21.5),(5,88,34620,353.74),(5,89,2855,35.95),(5,90,740,12.38),(5,91,35489,384.66),(5,92,3040,46.57),(5,93,14349,139.44),(5,94,32734,283.73),(5,95,4142,60.5),(5,96,11464,114.99),(5,97,2058,30.84),(5,98,5993,66.21),(5,99,3483,40.55),(5,100,1530,22.63),(5,101,32201,327.57),(5,102,1059,14.54),(5,103,4054,56.08),(5,104,5092,56.62),(5,105,2157,38.63),(5,106,22322,236.05),(5,107,2109,31.35),(5,108,2551,45.07),(5,109,13599,213.04),(5,110,17864,275.55),(5,111,28579,457.44),(5,112,2215,41.98),(5,113,30973,517.35),(5,114,2112,34.52),(5,115,9550,136.86),(5,116,47206,718.69),(5,117,1211,25.94),(5,118,6934,99.45),(5,119,733,13.39),(5,120,42139,677.41),(5,121,13491,218.64),(5,122,6019,90.03),(5,123,25188,341.06),(5,124,33003,509.47),(5,125,1626,27.26),(5,126,3548,49.96),(5,127,2955,37.85),(5,128,2759,44.52),(5,129,37574,551.64),(5,130,19278,286.14),(5,131,3458,62.84),(5,132,4524,71.16),(5,133,7555,110.56),(5,134,11821,190.49),(5,135,86,0.78),(5,136,868,6.02),(5,137,414,2.7),(5,138,0,0),(5,139,610,6.54),(5,140,2,0.07),(5,141,627,5.4),(5,142,495,2.78),(5,143,6563,71.26),(5,144,16366,119.35),(5,145,0,0),(5,146,0,0),(5,147,75,1.45),(5,148,785,5.6),(5,149,17,0.29),(5,150,500,5.95),(5,151,0,0),(5,152,2702,44.2),(5,153,6282,100.31),(5,154,84,0.97),(5,155,472,7.06),(5,156,10878,137.72),(5,157,0,0),(5,158,30525,313.05),(5,159,19,1),(5,160,2659,28.14),(5,161,470,7.54),(5,162,20,0.45),(5,163,4639,68.65),(5,164,346,7.23),(5,165,31,1),(5,166,121,2.43),(5,167,7439,72.95),(5,168,10562,130.19),(5,169,0,0),(5,170,6480,78.84),(5,171,0,0),(5,172,0,0),(5,173,3597,48.15),(5,174,9711,96.18),(5,175,5348,60.29),(5,176,12294,127.17),(5,177,2601,30.66),(5,178,80684,808.75),(5,179,14529,170.59),(5,180,6127,74.63),(5,181,123917,1132.58),(5,182,4623,65.71),(5,183,6760,57.71),(5,184,4679,68.72),(5,185,748,6.53),(5,186,4563,63.01),(5,187,9171,86.36),(5,188,8920,100.92),(5,189,12154,154.05),(5,190,14904,151.26),(5,191,13337,158.71),(5,192,34553,360.57),(5,193,3214,42.99),(5,194,35755,322.73),(5,195,29966,301.64),(5,196,29160,281.76),(5,197,8656,67.3),(5,198,2827,35.83),(5,199,6946,80.41),(5,200,2499,28.92),(5,201,10362,128.83),(5,202,806,9.22),(5,203,715,16.58),(5,204,155,5.3),(5,205,692,9.36),(5,206,103,3),(5,207,235,5.99),(5,208,196,6.61),(5,209,466,9.83),(5,210,28,1),(5,211,651,11.25),(5,212,953,13.09),(5,213,479,10.18),(5,214,75,2.51),(5,215,1623,25.54),(5,216,2254,44.42),(5,217,3058,54.98),(5,218,1450,18.08),(5,219,214,3.26),(5,220,224,3.37),(5,221,810,11.87),(5,222,132,3.31),(5,223,1774,40.01),(5,224,7240,90.31),(5,225,29757,461.19),(5,226,7972,109.96),(5,227,96,3.76),(5,228,773,8.81),(5,229,2022,23.74),(5,230,110,2.59),(5,231,536,6.73),(5,232,39694,450.95),(5,233,5741,59.56),(5,234,1161,10.27),(5,235,0,0),(5,236,544,9.63),(5,237,8757,97.01),(5,238,20118,197.12),(5,239,440,8.23),(5,240,34883,348.72),(5,241,897,12.59),(5,242,2035,22.98),(5,243,5633,57.06),(5,244,24167,224.28),(5,245,956,13.63),(5,246,243,3.28),(5,247,515,7.12),(5,248,650,7.78),(5,249,225,4.71),(5,250,28,0.41),(5,251,1929,19.9),(5,252,479,8.29),(5,253,5099,56.03),(5,254,0,0),(5,255,20250,163.65),(5,256,19725,130.44),(5,257,0,0),(5,258,12,0.27),(5,259,78933,1304.8),(5,260,2859,51.63),(5,261,1471,30.67),(5,262,10984,156.08),(5,263,1352,24.82),(5,264,1207,20.74),(5,265,1624,30.66),(5,266,3588,56.84),(5,267,4286,59.34),(5,268,29041,378.54),(5,269,1386,25.59),(5,270,4713,73.5),(5,271,938,14.86),(5,272,2547,38),(5,273,11734,146.13),(5,274,2208,44.87),(5,275,10941,140.52),(5,276,16201,229.88),(5,277,8605,116.19),(5,278,419,5.06),(5,279,4250,69.99),(5,280,29670,393.14),(5,281,2607,41.2),(5,282,1409,24.48),(5,283,3013,49.78),(5,284,1805,33.56),(5,285,11809,139.25),(5,286,2464,44.76),(5,287,19047,256.04),(5,288,4731,75.38),(5,289,13737,170.12),(5,290,1043,12.59),(5,291,602,5.65),(5,292,1223,11.49),(5,293,2379,25.6),(5,294,2073,27.05),(5,295,89,2.03),(5,296,14957,146.22),(5,297,9511,109.75),(5,298,1224,20.57),(5,299,1257,13.61),(5,300,1396,16.4),(5,301,968,8.93),(5,302,2079,23.47),(5,303,416,9.11),(5,304,8185,108.74),(5,305,2214,27.49),(5,306,3087,35.24),(5,307,15384,170.86),(5,308,2714,33.44),(5,309,5112,53.41),(5,310,345,6.54),(5,311,4123,43.8),(5,312,10768,136.45),(5,313,8483,78.28),(5,314,1757,20.26),(5,315,449,8.31),(5,316,2669,31.46),(5,317,1759,29.54),(5,318,5087,73.79),(5,319,644,8.82),(5,320,1597,19.58),(5,321,0,0),(5,322,0,0),(5,323,136,1.4),(5,324,0,0),(5,325,4217,45.04),(5,326,205,1.52),(5,327,8274,58.74),(5,328,409,4.13),(5,329,37,0.36),(5,330,91,0.83),(5,331,104,1.81),(5,332,197,5.28),(5,333,0,0),(5,334,3063,23.44),(5,335,423,6.01),(5,336,13278,110.93),(5,337,4728,43.09),(5,338,0,0),(5,339,17925,160.38),(5,340,14,0.36),(5,341,0,0),(5,342,153,1.57),(5,343,35,0.81),(5,344,432,8.18),(5,345,472,6.41),(5,346,35,1.26),(5,347,90,2.89),(5,348,481,10.02),(5,349,262,5.84),(5,350,0,0),(5,351,25,1.03),(5,352,386,4.44),(5,353,564,11.61),(5,354,915,14.63),(5,355,408,5.36),(5,356,2370,41.07),(5,357,1556,22.8),(5,358,251,3.03),(5,359,37082,387.42),(5,360,458,6.27),(5,361,806,16.22),(5,362,5242,76.5),(5,363,2744,46.88),(5,364,47,2.33),(5,365,5556,78.19),(5,366,15781,198.06),(5,367,530,7.46),(5,368,373,9.04),(5,369,8913,113.43),(5,370,2937,43.08),(5,371,57,0.77),(5,372,45,0.11),(5,373,0,0),(5,374,70,0.19),(5,375,0,0),(5,376,20276,141.43),(5,377,3141,20.17);
/*!40000 ALTER TABLE `flights_causes` ENABLE KEYS */;
UNLOCK TABLES;

--
-- Table structure for table `location`
--

DROP TABLE IF EXISTS `location`;
/*!40101 SET @saved_cs_client     = @@character_set_client */;
/*!50503 SET character_set_client = utf8mb4 */;
CREATE TABLE `location` (
  `location_id` int NOT NULL,
  `city` varchar(50) DEFAULT NULL,
  `state` varchar(50) DEFAULT NULL,
  PRIMARY KEY (`location_id`)
) ENGINE=InnoDB DEFAULT CHARSET=utf8mb3;
/*!40101 SET character_set_client = @saved_cs_client */;

--
-- Dumping data for table `location`
--

LOCK TABLES `location` WRITE;
/*!40000 ALTER TABLE `location` DISABLE KEYS */;
INSERT INTO `location` VALUES (1,'Newark','NJ'),(2,'Houston','TX'),(3,'Los Angeles','CA'),(4,'Miami','FL'),(5,'Minneapolis','MN'),(6,'Chicago','IL'),(7,'Phoenix','AZ'),(8,'Salt Lake City','UT'),(9,'Tampa','FL'),(10,'Atlanta','GA'),(11,'Austin','TX'),(12,'Nashville','TN'),(13,'Boston','MA'),(14,'Baltimore','MD'),(15,'Charlotte','NC'),(16,'Dallas/Fort Worth','TX'),(17,'Detroit','MI'),(18,'Fort Lauderdale','FL'),(19,'Las Vegas','NV'),(20,'New York','NY'),(21,'Orlando','FL'),(22,'Philadelphia','PA'),(23,'San Diego','CA'),(24,'Seattle','WA'),(25,'Washington','DC'),(26,'Denver','CO'),(27,'San Francisco','CA');
/*!40000 ALTER TABLE `location` ENABLE KEYS */;
UNLOCK TABLES;

--
-- Table structure for table `time_periods`
--

DROP TABLE IF EXISTS `time_periods`;
/*!40101 SET @saved_cs_client     = @@character_set_client */;
/*!50503 SET character_set_client = utf8mb4 */;
CREATE TABLE `time_periods` (
  `time_id` int NOT NULL AUTO_INCREMENT,
  `year` int DEFAULT NULL,
  `month` int DEFAULT NULL,
  PRIMARY KEY (`time_id`)
) ENGINE=InnoDB AUTO_INCREMENT=2 DEFAULT CHARSET=utf8mb3;
/*!40101 SET character_set_client = @saved_cs_client */;

--
-- Dumping data for table `time_periods`
--

LOCK TABLES `time_periods` WRITE;
/*!40000 ALTER TABLE `time_periods` DISABLE KEYS */;
INSERT INTO `time_periods` VALUES (1,2024,12);
/*!40000 ALTER TABLE `time_periods` ENABLE KEYS */;
UNLOCK TABLES;
/*!40103 SET TIME_ZONE=@OLD_TIME_ZONE */;

/*!40101 SET SQL_MODE=@OLD_SQL_MODE */;
/*!40014 SET FOREIGN_KEY_CHECKS=@OLD_FOREIGN_KEY_CHECKS */;
/*!40014 SET UNIQUE_CHECKS=@OLD_UNIQUE_CHECKS */;
/*!40101 SET CHARACTER_SET_CLIENT=@OLD_CHARACTER_SET_CLIENT */;
/*!40101 SET CHARACTER_SET_RESULTS=@OLD_CHARACTER_SET_RESULTS */;
/*!40101 SET COLLATION_CONNECTION=@OLD_COLLATION_CONNECTION */;
/*!40111 SET SQL_NOTES=@OLD_SQL_NOTES */;

-- Dump completed on 2025-05-13 20:14:07
