CREATE DATABASE  IF NOT EXISTS `failed_startups_db` /*!40100 DEFAULT CHARACTER SET utf8mb3 */ /*!80016 DEFAULT ENCRYPTION='N' */;
USE `failed_startups_db`;
-- MySQL dump 10.13  Distrib 8.0.36, for Win64 (x86_64)
--
-- Host: localhost    Database: failed_startups_db
-- ------------------------------------------------------
-- Server version	8.0.36

/*!40101 SET @OLD_CHARACTER_SET_CLIENT=@@CHARACTER_SET_CLIENT */;
/*!40101 SET @OLD_CHARACTER_SET_RESULTS=@@CHARACTER_SET_RESULTS */;
/*!40101 SET @OLD_COLLATION_CONNECTION=@@COLLATION_CONNECTION */;
/*!50503 SET NAMES utf8 */;
/*!40103 SET @OLD_TIME_ZONE=@@TIME_ZONE */;
/*!40103 SET TIME_ZONE='+00:00' */;
/*!40014 SET @OLD_UNIQUE_CHECKS=@@UNIQUE_CHECKS, UNIQUE_CHECKS=0 */;
/*!40014 SET @OLD_FOREIGN_KEY_CHECKS=@@FOREIGN_KEY_CHECKS, FOREIGN_KEY_CHECKS=0 */;
/*!40101 SET @OLD_SQL_MODE=@@SQL_MODE, SQL_MODE='NO_AUTO_VALUE_ON_ZERO' */;
/*!40111 SET @OLD_SQL_NOTES=@@SQL_NOTES, SQL_NOTES=0 */;

--
-- Table structure for table `failure_factors`
--

DROP TABLE IF EXISTS `failure_factors`;
/*!40101 SET @saved_cs_client     = @@character_set_client */;
/*!50503 SET character_set_client = utf8mb4 */;
CREATE TABLE `failure_factors` (
  `factor_id` int NOT NULL AUTO_INCREMENT,
  `giants` int DEFAULT NULL,
  `no_budget` int DEFAULT NULL,
  `competition` int DEFAULT NULL,
  `poor_market_fit` int DEFAULT NULL,
  `acquisition_stagnation` int DEFAULT NULL,
  `high_operational_costs` int DEFAULT NULL,
  `monetization_failure` int DEFAULT NULL,
  `niche_limits` int DEFAULT NULL,
  `execution_flaws` int DEFAULT NULL,
  `trend_flaws` int DEFAULT NULL,
  `platform_dependency` int DEFAULT NULL,
  `toxicity_trust_issues` int DEFAULT NULL,
  `regulatory_pressure` int DEFAULT NULL,
  `overhype` int DEFAULT NULL,
  PRIMARY KEY (`factor_id`)
) ENGINE=InnoDB AUTO_INCREMENT=144 DEFAULT CHARSET=utf8mb3;
/*!40101 SET character_set_client = @saved_cs_client */;

--
-- Dumping data for table `failure_factors`
--

LOCK TABLES `failure_factors` WRITE;
/*!40000 ALTER TABLE `failure_factors` DISABLE KEYS */;
INSERT INTO `failure_factors` VALUES (1,0,1,1,0,1,0,0,1,0,1,0,0,0,1),(2,0,1,1,NULL,0,1,0,0,0,1,0,1,0,0),(3,1,0,0,0,0,0,1,0,1,0,1,1,1,0),(4,0,1,0,0,0,1,1,1,0,0,NULL,0,1,1),(5,0,1,0,1,NULL,1,1,NULL,1,1,1,1,1,0),(6,0,1,1,1,1,1,0,1,1,1,1,1,1,NULL),(7,1,1,NULL,1,0,0,1,0,1,1,0,1,1,1),(8,0,0,0,1,0,1,0,1,NULL,0,1,0,0,0),(9,NULL,0,0,0,1,1,1,0,1,1,1,NULL,1,0),(10,NULL,NULL,0,1,1,1,0,1,1,1,0,0,1,1),(11,0,0,NULL,0,1,1,1,1,0,0,1,0,0,1),(12,0,0,1,1,0,1,1,NULL,1,1,1,0,0,1),(13,NULL,0,0,1,1,0,0,0,1,1,1,0,1,0),(14,0,1,0,0,1,0,0,0,0,1,1,1,1,0),(15,1,1,1,1,1,1,1,NULL,0,1,1,1,1,0),(16,1,0,0,0,0,0,0,0,1,0,0,0,1,1),(17,0,1,1,1,0,1,1,1,0,1,1,1,NULL,1),(18,1,0,1,0,1,0,0,0,0,1,1,1,1,0),(19,0,0,1,1,0,NULL,1,0,1,0,0,1,1,1),(20,0,0,1,NULL,1,0,0,NULL,0,1,0,0,0,NULL),(21,1,1,0,1,0,1,0,0,1,1,NULL,1,1,0),(22,1,1,1,1,1,0,0,1,0,0,NULL,NULL,1,NULL),(23,1,NULL,1,1,1,0,1,1,1,NULL,0,0,1,0),(24,NULL,1,1,1,0,0,1,0,1,1,NULL,1,1,0),(25,1,1,0,1,1,0,0,1,0,0,0,NULL,1,1),(26,1,1,1,0,NULL,NULL,0,0,NULL,1,0,NULL,0,1),(27,1,0,1,0,1,NULL,1,0,0,0,1,1,1,1),(28,0,1,1,1,1,1,0,1,1,1,1,1,1,0),(29,1,0,0,1,0,0,NULL,NULL,NULL,0,0,0,1,1),(30,0,0,0,1,0,0,1,0,1,1,1,0,0,0),(31,0,1,0,0,0,0,0,1,1,0,1,0,NULL,1),(32,1,0,1,0,1,1,1,0,0,1,0,0,NULL,1),(33,1,NULL,0,0,0,0,0,0,1,1,0,0,1,0),(34,0,NULL,0,1,1,1,0,1,NULL,0,0,0,0,NULL),(35,1,1,NULL,1,1,0,1,1,0,NULL,0,1,1,1),(36,1,0,0,0,1,1,0,0,0,0,1,0,0,NULL),(37,1,NULL,0,1,1,1,0,0,1,0,0,NULL,NULL,1),(38,1,NULL,1,0,1,1,1,NULL,0,NULL,0,1,0,1),(39,0,1,1,0,0,0,NULL,0,1,0,1,1,0,NULL),(40,0,1,1,1,0,NULL,0,0,0,1,0,1,0,NULL),(41,0,0,1,0,0,0,1,0,0,1,1,1,0,1),(42,0,1,0,1,0,1,0,0,1,0,0,1,1,0),(43,1,0,0,0,1,1,0,1,0,1,0,1,0,0),(44,0,0,1,NULL,1,0,0,0,1,1,1,1,0,1),(45,1,1,0,0,0,NULL,0,0,0,0,1,1,0,0),(46,0,NULL,0,1,0,1,0,1,1,1,1,NULL,NULL,1),(47,0,1,NULL,0,1,0,0,0,1,1,NULL,1,0,1),(48,0,NULL,1,0,1,1,0,0,0,1,0,0,1,1),(49,1,0,0,1,0,NULL,0,0,NULL,0,0,1,0,1),(50,0,1,1,0,NULL,1,0,0,0,1,0,1,0,1),(51,1,1,1,1,0,NULL,0,NULL,0,0,1,0,0,0),(52,0,1,1,0,NULL,1,0,1,0,0,0,1,0,0),(53,1,0,1,1,NULL,1,0,1,1,1,0,0,0,1),(54,0,1,0,0,1,1,1,1,0,1,1,1,1,0),(55,NULL,1,NULL,1,1,0,1,0,1,1,1,0,1,0),(56,1,0,1,0,0,1,0,0,1,0,0,0,0,0),(57,1,1,0,1,0,NULL,1,0,1,NULL,0,0,0,0),(58,1,0,NULL,0,0,1,1,0,1,1,NULL,0,0,0),(59,1,1,0,0,0,1,1,1,0,0,0,0,0,0),(60,0,1,0,1,1,0,NULL,0,0,0,0,1,0,0),(61,0,1,1,NULL,0,0,1,1,0,0,NULL,0,1,0),(62,0,0,0,0,0,0,0,NULL,NULL,1,1,0,1,NULL),(63,0,0,NULL,1,1,1,0,0,1,1,1,1,1,0),(64,0,1,0,1,NULL,0,1,0,0,0,1,1,1,NULL),(65,0,0,0,1,NULL,1,0,1,1,0,0,1,1,0),(66,0,0,1,0,0,0,0,0,0,1,0,1,1,0),(67,1,1,0,1,1,NULL,1,1,NULL,1,0,1,0,1),(68,1,1,0,1,1,1,0,1,1,0,0,1,1,0),(69,NULL,1,0,0,1,1,1,1,0,1,NULL,0,1,0),(70,0,1,1,0,NULL,1,0,0,1,0,0,NULL,0,0),(71,NULL,1,NULL,1,0,NULL,1,0,1,1,1,NULL,0,1),(72,0,0,1,1,1,0,1,0,NULL,NULL,0,1,0,0),(73,1,0,0,1,1,0,1,1,0,1,0,1,0,0),(74,0,NULL,0,1,0,1,1,0,1,1,0,NULL,1,0),(75,NULL,0,0,NULL,0,0,1,NULL,NULL,0,0,0,1,NULL),(76,0,0,1,0,1,0,0,1,1,0,0,0,1,1),(77,0,1,0,1,NULL,0,0,NULL,0,0,0,1,1,1),(78,0,1,0,NULL,1,0,1,1,0,1,1,0,1,0),(79,0,0,NULL,1,1,NULL,1,1,1,0,0,NULL,1,1),(80,0,0,0,0,NULL,0,1,0,0,1,1,1,1,0),(81,1,1,NULL,1,1,1,1,0,0,1,0,0,0,0),(82,1,1,1,1,0,0,0,1,0,0,1,1,0,0),(83,1,1,1,0,0,1,0,0,0,1,0,0,1,0),(84,1,1,1,0,0,0,1,0,0,0,NULL,0,1,1),(85,1,1,1,1,0,1,0,1,0,1,1,1,1,0),(86,0,1,0,1,0,1,1,1,NULL,1,0,1,1,1),(87,NULL,1,1,0,0,1,1,0,0,1,NULL,0,0,1),(88,0,0,0,0,1,1,NULL,0,1,1,NULL,1,1,0),(89,0,1,1,0,1,NULL,0,1,0,0,1,0,1,0),(90,0,NULL,1,0,1,0,0,0,NULL,0,1,1,1,NULL),(91,1,1,1,0,0,1,0,1,NULL,1,1,0,1,1),(92,0,1,0,1,0,0,1,0,1,0,0,1,0,1),(93,0,1,0,1,NULL,0,1,NULL,0,0,0,0,0,0),(94,1,1,1,1,1,1,NULL,0,1,1,0,0,1,1),(95,0,1,1,1,0,1,NULL,1,0,0,0,1,1,1),(96,1,1,0,0,0,0,0,0,0,1,1,0,0,1),(97,0,1,1,1,1,1,1,0,1,0,0,1,0,1),(98,0,1,0,1,0,0,0,1,1,1,0,1,NULL,NULL),(99,1,0,0,0,NULL,0,1,NULL,0,1,NULL,1,0,0),(100,0,0,1,1,1,1,1,0,1,0,1,NULL,0,NULL),(101,0,0,1,0,0,0,1,1,1,1,NULL,1,1,0),(102,1,1,1,0,0,1,0,1,0,0,NULL,0,1,NULL),(103,0,1,1,NULL,0,1,NULL,0,1,0,0,1,0,1),(104,1,1,NULL,0,1,0,0,0,1,0,1,0,NULL,0),(105,1,0,1,1,0,0,1,1,0,0,0,0,0,0),(106,0,1,0,1,1,1,0,0,1,0,0,1,1,0),(107,0,1,0,1,0,1,1,0,1,0,0,1,0,1),(108,1,1,0,0,0,1,NULL,NULL,1,1,1,0,0,NULL),(109,0,0,0,1,NULL,1,NULL,0,0,1,1,0,1,1),(110,1,1,0,0,1,1,1,0,NULL,1,1,1,0,0),(111,0,NULL,NULL,1,0,1,NULL,1,0,0,1,1,0,0),(112,1,1,0,NULL,1,0,1,1,1,1,0,NULL,0,0),(113,1,0,1,0,0,1,1,1,0,0,0,0,0,1),(114,0,0,NULL,0,0,0,0,1,NULL,NULL,0,0,0,0),(115,NULL,1,0,0,1,0,0,0,0,1,0,1,1,0),(116,1,0,NULL,0,0,0,0,0,0,1,0,0,1,0),(117,1,0,1,0,0,1,1,1,NULL,1,1,NULL,0,1),(118,1,0,1,0,1,1,1,1,0,0,0,0,1,1),(119,0,0,1,1,0,1,1,0,1,1,0,1,1,1),(120,1,1,0,0,0,0,1,0,0,1,1,0,1,0),(121,0,1,1,1,1,0,1,0,1,1,NULL,0,1,1),(122,0,NULL,NULL,0,0,1,1,1,1,1,0,0,0,1),(123,1,0,NULL,1,0,0,0,0,0,1,1,NULL,NULL,NULL),(124,0,1,1,1,0,1,0,1,0,0,1,1,1,1),(125,0,NULL,1,0,1,NULL,0,1,0,1,0,1,0,0),(126,0,1,1,1,0,1,0,0,0,0,1,NULL,0,1),(127,1,NULL,1,1,NULL,1,0,1,0,0,0,0,1,0),(128,0,1,0,1,0,0,1,1,0,1,1,0,0,0),(129,0,1,0,1,1,0,1,0,0,NULL,0,1,1,NULL),(130,0,0,1,1,0,1,0,1,1,0,1,NULL,0,NULL),(131,1,1,1,0,0,0,0,0,1,1,0,1,1,0),(132,0,0,1,0,0,NULL,NULL,1,0,0,1,0,1,0),(133,0,1,NULL,0,1,0,1,0,0,1,0,0,1,0),(134,1,1,1,1,0,1,0,1,1,0,0,1,1,0),(135,0,0,0,NULL,1,1,0,1,0,1,0,0,0,0),(136,0,0,1,1,1,1,1,NULL,0,0,1,NULL,0,1),(137,1,1,NULL,1,0,1,1,1,1,1,1,1,0,1),(138,0,0,1,NULL,0,NULL,1,0,NULL,0,1,1,NULL,0),(139,0,0,0,1,0,1,0,0,1,1,1,0,0,0),(140,0,NULL,0,NULL,1,NULL,0,NULL,0,1,1,1,1,0),(141,0,1,0,NULL,1,1,0,NULL,NULL,0,0,0,1,1),(142,0,1,0,0,1,1,1,0,0,1,1,1,1,0),(143,0,0,1,0,0,NULL,0,NULL,0,0,0,1,1,NULL);
/*!40000 ALTER TABLE `failure_factors` ENABLE KEYS */;
UNLOCK TABLES;

--
-- Table structure for table `how_much_raised`
--

DROP TABLE IF EXISTS `how_much_raised`;
/*!40101 SET @saved_cs_client     = @@character_set_client */;
/*!50503 SET character_set_client = utf8mb4 */;
CREATE TABLE `how_much_raised` (
  `how_much_raised_id` int NOT NULL AUTO_INCREMENT,
  `how_much_raised` int NOT NULL,
  PRIMARY KEY (`how_much_raised_id`)
) ENGINE=InnoDB AUTO_INCREMENT=216 DEFAULT CHARSET=utf8mb3;
/*!40101 SET character_set_client = @saved_cs_client */;

--
-- Dumping data for table `how_much_raised`
--

LOCK TABLES `how_much_raised` WRITE;
/*!40000 ALTER TABLE `how_much_raised` DISABLE KEYS */;
INSERT INTO `how_much_raised` VALUES (1,0),(2,10000000),(3,9000000),(4,30000000),(5,4000000),(6,200000),(7,345000),(8,50000),(9,20000000),(10,40000),(11,10000),(12,3500000),(13,1000000),(14,1100000),(15,1200000),(16,1300000),(17,1400000),(18,1500000),(19,1600000),(21,120000),(22,2400000),(23,2100000),(24,11000000),(25,100000000),(26,104000000),(27,105000000),(28,106000000),(29,122000000),(30,130000),(31,10005000),(33,12000000),(34,110000000),(35,112000000),(36,115000000),(37,118000000),(38,13000000),(39,14000000),(40,15000000),(41,16000000),(42,120000000),(43,121000000),(44,123000000),(45,125000000),(46,17000000),(47,130000000),(48,135000000),(49,136000000),(50,138000000),(51,18000000),(52,19000000),(53,142000000),(54,144000000),(55,147000000),(56,21000000),(57,150000000),(58,151000000),(59,153000000),(60,22000000),(61,1534000000),(62,23000000),(63,160000000),(64,161000000),(65,162000000),(66,163000000),(67,165000000),(68,167000000),(69,171000000),(70,24000000),(71,182000000),(72,185000000),(73,1700000),(74,2300000),(75,1509000),(76,300000),(77,2000000),(78,2505000),(79,220000),(80,200000000),(81,209000000),(82,25000000),(83,26000000),(84,27000000),(85,220000000),(86,225000000),(87,28000000),(88,29000000),(89,31000000),(90,240000000),(91,249000000),(92,32000000),(93,250000000),(94,33000000),(95,34000000),(96,277000000),(97,35000000),(98,36000000),(99,290000000),(100,26000),(101,3007000),(102,2125000000),(103,43500),(104,335000),(105,3300000),(106,300000000),(107,301000000),(108,302000000),(109,303000000),(110,304000000),(111,37000000),(112,316000000),(113,38000000),(114,326000000),(115,39000000),(116,330000000),(117,336000000),(118,40000000),(119,41000000),(120,343000000),(121,42000000),(122,350000000),(123,43000000),(124,367000000),(125,375000000),(126,44000000),(127,3202000),(128,3000000),(129,5000000),(130,6000000),(131,7000000),(132,8000000),(133,45000000),(134,400000000),(135,404000000),(136,409000000),(137,46000000),(138,47000000),(139,48000000),(140,49000000),(141,50000000),(142,51000000),(143,52000000),(144,53000000),(145,54000000),(146,55000000),(147,56000000),(148,57000000),(149,58000000),(150,59000000),(151,60000000),(152,61000000),(153,500000000),(154,501000000),(155,502000000),(156,62000000),(157,63000000),(158,543000000),(159,550000000),(160,64000000),(161,65000000),(162,66000000),(163,67000000),(164,68000000),(165,69000000),(166,70000000),(167,71000000),(168,72000000),(169,73000000),(170,74000000),(171,75000000),(172,76000000),(173,635000000),(174,645000000),(175,77000000),(176,655000000),(177,78000000),(178,660000000),(179,79000000),(180,680000000),(181,689000000),(182,690000000),(183,80000000),(184,81000000),(185,82000000),(186,83000000),(187,84000000),(188,85000000),(189,86000000),(190,87000000),(191,88000000),(192,89000000),(193,90000000),(194,91000000),(195,92000000),(196,93000000),(197,94000000),(198,95000000),(199,96000000),(200,97000000),(201,850000000),(202,856000000),(203,98000000),(204,866000000),(205,99000000),(206,101000000),(207,102000000),(208,103000000),(209,107000000),(210,108000000),(211,930000000),(212,950000000),(213,109000000),(214,111000000),(215,113000000);
/*!40000 ALTER TABLE `how_much_raised` ENABLE KEYS */;
UNLOCK TABLES;

--
-- Table structure for table `sectors`
--

DROP TABLE IF EXISTS `sectors`;
/*!40101 SET @saved_cs_client     = @@character_set_client */;
/*!50503 SET character_set_client = utf8mb4 */;
CREATE TABLE `sectors` (
  `sectors_id` int NOT NULL AUTO_INCREMENT,
  `sectors` varchar(25) NOT NULL,
  PRIMARY KEY (`sectors_id`)
) ENGINE=InnoDB AUTO_INCREMENT=7 DEFAULT CHARSET=utf8mb3;
/*!40101 SET character_set_client = @saved_cs_client */;

--
-- Dumping data for table `sectors`
--

LOCK TABLES `sectors` WRITE;
/*!40000 ALTER TABLE `sectors` DISABLE KEYS */;
INSERT INTO `sectors` VALUES (1,'Finance and Insurance'),(2,'Information Sector'),(3,'Retail Trade'),(4,'Manufactures'),(5,'Health Care'),(6,'Food and services');
/*!40000 ALTER TABLE `sectors` ENABLE KEYS */;
UNLOCK TABLES;

--
-- Table structure for table `startup_failed_reasons`
--

DROP TABLE IF EXISTS `startup_failed_reasons`;
/*!40101 SET @saved_cs_client     = @@character_set_client */;
/*!50503 SET character_set_client = utf8mb4 */;
CREATE TABLE `startup_failed_reasons` (
  `startup_id` int NOT NULL,
  `why_they_failed_id` int NOT NULL,
  PRIMARY KEY (`startup_id`,`why_they_failed_id`),
  KEY `fk_startup_failed_reasons_why_they_failed1_idx` (`why_they_failed_id`),
  CONSTRAINT `fk_startup_failed_reasons_startups1` FOREIGN KEY (`startup_id`) REFERENCES `startups` (`startup_id`),
  CONSTRAINT `fk_startup_failed_reasons_why_they_failed1` FOREIGN KEY (`why_they_failed_id`) REFERENCES `why_they_failed` (`why_they_failed_id`)
) ENGINE=InnoDB DEFAULT CHARSET=utf8mb3;
/*!40101 SET character_set_client = @saved_cs_client */;

--
-- Dumping data for table `startup_failed_reasons`
--

LOCK TABLES `startup_failed_reasons` WRITE;
/*!40000 ALTER TABLE `startup_failed_reasons` DISABLE KEYS */;
INSERT INTO `startup_failed_reasons` VALUES (384,1),(865,1),(625,2),(709,2),(814,3),(83,4),(139,4),(216,4),(441,4),(467,4),(751,4),(757,4),(779,4),(814,4),(32,5),(436,5),(469,5),(657,5),(32,6),(772,6),(91,9),(427,9),(551,9),(611,9),(798,9),(889,9),(387,10),(461,10),(562,10),(578,10),(587,10),(83,11),(352,11),(259,12),(385,12),(531,12),(557,12),(601,12),(606,12),(647,12),(673,12),(110,13),(343,13),(649,13),(795,13),(45,14),(145,14),(158,14),(638,14),(66,15),(106,15),(353,15),(374,15),(581,15),(118,16),(193,16),(55,17),(187,17),(654,17),(702,17),(476,18),(485,18),(745,18),(212,19),(353,19),(759,19),(761,20),(36,21),(667,21),(722,21),(503,22),(529,22),(629,22),(719,22),(751,22),(854,22),(169,23),(337,23),(420,23),(576,23),(580,23),(633,23),(720,23),(842,23),(848,23),(224,24),(266,24),(820,24),(859,24),(885,24),(71,25),(422,25),(294,26),(466,26),(598,26),(872,26),(32,27),(290,27),(331,27),(576,27),(3,28),(422,28),(687,28),(753,28),(883,28),(190,29),(418,29),(461,29),(665,29),(747,29),(211,30),(299,30),(342,30),(635,30),(128,31),(177,31),(462,31),(498,31),(676,31),(698,31),(591,32),(649,32),(790,32),(793,32),(573,33),(845,33),(29,34),(227,34),(308,34),(350,34),(758,34),(235,35),(301,35),(780,35),(9,36),(323,36),(626,36),(655,36),(820,37),(860,37),(94,38),(194,38),(222,38),(387,38),(358,39),(214,40),(371,40),(736,40),(4,41),(153,41),(302,41),(487,41),(557,41),(702,41),(790,41),(204,42),(331,42),(413,42),(874,42),(549,43),(555,43),(604,43),(149,44),(450,44),(558,44),(698,44),(711,44),(87,45),(521,45),(734,45),(842,45),(90,46),(18,47),(201,47),(361,47),(391,47),(410,47),(571,47),(721,47),(354,48),(539,48),(840,48),(841,49),(101,50),(120,50),(341,50),(504,50),(768,50),(160,51),(452,51),(509,51),(560,51),(581,51),(593,51),(608,51),(824,51),(35,52),(45,52),(186,52),(193,52),(199,52),(276,52),(12,53),(134,53),(442,53),(567,53),(799,53),(21,54),(195,54),(265,54),(633,54),(741,54),(834,54),(30,55),(150,55),(167,55),(207,55),(483,55),(544,55),(559,55),(646,55),(727,55),(729,55),(341,56),(470,56),(503,56),(14,57),(17,57),(40,57),(143,57),(216,57),(221,57),(291,57),(666,57),(427,58),(515,58),(733,58),(885,58),(693,59),(785,59),(343,60),(417,60),(831,60),(70,61),(154,61),(304,61),(668,61),(33,62),(492,62),(525,62),(634,62),(139,63),(288,63),(670,63),(766,63),(18,64),(792,64),(818,64),(283,65),(456,65),(639,65),(831,65),(42,66),(55,66),(180,66),(240,66),(242,66),(417,66),(426,66),(522,66),(614,66),(718,66),(197,67),(768,67),(813,67),(136,68),(251,68),(441,68),(488,68),(680,68),(711,68),(769,68),(34,69),(190,69),(270,69),(570,69),(13,70),(333,70),(409,70),(821,70),(194,71),(243,71),(660,71),(29,72),(69,72),(118,72),(257,72),(317,72),(59,73),(245,73),(842,73),(38,74),(85,74),(522,74),(751,74),(280,75),(453,75),(461,75),(4,76),(324,76),(758,76),(38,77),(467,77),(536,77),(765,77),(846,77),(77,78),(339,78),(745,78),(42,79),(633,79),(689,79),(729,79),(766,79),(33,80),(63,80),(158,80),(211,80),(860,80),(881,80),(46,81),(341,81),(454,81),(185,82),(282,82),(44,83),(241,83),(252,83),(414,83),(586,83),(647,83),(779,83),(128,84),(433,84),(498,84),(633,84),(788,84),(865,84),(54,85),(651,85),(672,85),(95,86),(202,86),(204,86),(366,86),(711,86),(577,87),(209,88),(452,88),(476,88),(758,88),(7,89),(72,89),(216,89),(290,89),(517,89),(561,89),(639,89),(762,89),(11,90),(266,90),(508,90),(538,90),(548,90),(563,90),(622,90),(142,91),(361,91),(693,91),(862,91),(225,92),(516,92),(641,92),(743,92),(846,92),(873,92),(59,93),(139,93),(343,93),(8,94),(401,94),(706,94),(846,94),(236,95),(548,95),(874,95),(13,96),(278,96),(297,96),(636,96),(639,96),(680,96),(116,97),(583,97),(22,98),(78,98),(228,98),(230,98),(720,98),(791,98),(804,98),(330,99),(640,99),(676,99),(691,99),(778,99),(877,99),(12,100),(484,100),(550,100),(684,100),(686,100),(38,101),(225,101),(683,101),(739,101),(329,102),(488,102),(538,102),(572,102),(730,103),(218,104),(303,104),(354,104),(481,104),(500,104),(878,104),(14,105),(101,105),(377,105),(667,105),(701,105),(121,106),(248,106),(372,106),(635,106),(461,107),(692,107),(230,108),(348,108),(350,108),(353,108),(655,108),(744,108),(855,108),(91,109),(679,109),(289,110),(301,110),(388,110),(666,110),(300,111),(387,111),(402,111),(146,112),(249,112),(325,112),(574,112),(647,112),(726,112),(813,112),(161,113),(220,113),(245,113),(458,113),(488,113),(436,114),(466,114),(878,114),(3,115),(65,115),(84,115),(157,115),(211,115),(334,115),(415,115),(450,115),(621,115),(627,115),(189,116),(271,116),(432,116),(445,116),(74,117),(88,117),(246,117),(303,117),(505,117),(622,117),(60,118),(456,118),(293,119),(396,119),(889,119),(14,120),(493,120),(669,120),(770,120),(853,120),(102,121),(553,121),(749,121),(849,121),(860,121),(377,122),(672,122),(684,122),(122,123),(289,123),(587,123),(200,124),(400,124),(11,125),(195,125),(200,125),(243,125),(325,125),(331,125),(478,125),(599,125),(768,125),(776,125),(722,126),(173,127),(301,127),(378,127),(492,127),(742,127),(105,128),(522,128),(732,128),(734,128),(870,128),(84,129),(179,129),(415,129),(533,129),(27,130),(65,130),(539,130),(596,130),(699,130),(714,130),(813,130),(91,131),(298,131),(454,131),(234,132),(454,132),(608,132),(878,132),(211,133),(397,133),(606,133),(851,133),(742,134),(762,134),(774,135),(181,136),(446,136),(457,136),(587,136),(731,136),(833,136),(52,137),(266,137),(96,138),(110,138),(274,138),(463,138),(643,138),(20,139),(322,139),(611,139),(768,139),(846,139),(257,140),(855,140),(119,141),(201,141),(547,141),(660,141),(865,141),(46,142),(83,142),(636,142),(53,143),(68,143),(194,143),(444,143),(500,143),(591,143),(605,143),(792,143),(890,143),(92,144),(439,144),(674,144),(279,145),(6,146),(205,146),(646,146),(40,147),(166,147),(228,147),(525,147),(285,148),(601,148),(619,148),(51,149),(240,149),(597,149),(868,149),(276,150),(300,150),(472,150),(552,150),(83,151),(330,151),(460,151),(645,151),(20,152),(78,152),(86,152),(231,152),(349,152),(400,152),(418,152),(545,152),(738,152),(815,152),(288,153),(597,153),(757,153),(80,154),(266,154),(607,154),(882,154),(427,155),(48,156),(190,156),(307,156),(339,156),(576,156),(421,157),(792,157),(269,158),(688,158),(8,159),(285,159),(771,159),(104,160),(245,160),(635,160),(832,160),(842,160),(105,161),(129,161),(237,161),(383,161),(400,161),(686,161),(250,162),(584,162),(623,162),(633,162),(747,162),(749,162),(848,162),(30,163),(257,163),(443,163),(654,163),(767,163),(110,164),(150,164),(287,164),(356,164),(631,164),(828,164),(81,165),(288,165),(619,165),(625,165),(752,165),(833,165),(41,166),(144,166),(163,166),(270,166),(781,166),(5,167),(318,167),(572,167),(758,167),(110,168),(263,168),(761,168),(849,168),(95,169),(232,169),(260,169),(536,169),(699,169),(760,169),(846,169),(126,170),(191,170),(675,170),(687,170),(425,171),(734,171),(749,171),(756,171),(74,172),(171,172),(243,172),(651,172),(706,172),(814,172),(862,172),(531,173),(638,173),(360,174),(562,174),(591,174),(888,174),(33,175),(124,175),(152,175),(283,175),(483,175),(245,176),(279,176),(392,176),(671,176),(719,176),(179,177),(324,177),(349,177),(383,177),(499,177),(710,177),(97,178),(484,178),(630,178),(70,179),(215,179),(312,179),(674,179),(810,179),(76,180),(574,180),(797,180),(890,180),(35,181),(56,181),(11,182),(453,182),(725,182),(33,183),(149,183),(415,183),(416,183),(499,183),(638,183),(681,183),(797,183),(808,183),(165,184),(398,184),(533,184),(788,184),(4,185),(71,185),(273,185),(110,186),(415,186),(574,186),(691,186),(772,186),(23,187),(191,187),(691,187),(696,187),(708,187),(83,188),(342,188),(406,188),(448,188),(612,188),(633,188),(645,188),(259,189),(311,189),(742,189),(883,189),(237,190),(221,191),(232,191),(312,191),(483,191),(794,191),(38,192),(54,192),(395,192),(485,192),(609,192),(761,192),(854,192),(204,193),(457,194),(472,194),(663,194),(809,194),(883,194),(42,195),(255,195),(352,195),(388,195),(618,195),(664,195),(127,196),(279,196),(629,196),(79,197),(453,197),(539,197),(170,198),(271,198),(600,198),(749,198),(205,199),(413,199),(546,199),(16,200),(22,200),(532,200),(629,200),(111,201),(220,201),(721,201),(238,202),(748,202),(563,203),(830,203),(132,204),(149,204),(302,204),(313,204),(725,205),(446,206),(615,206),(816,206),(325,207),(346,207),(422,207),(457,207),(624,207),(101,208),(419,208),(623,208),(840,208),(382,209),(394,209),(553,209),(620,209),(694,209),(482,210),(603,210),(761,210),(821,210),(878,210),(840,211),(845,211),(93,212),(228,212),(414,212),(418,212),(744,212);
/*!40000 ALTER TABLE `startup_failed_reasons` ENABLE KEYS */;
UNLOCK TABLES;

--
-- Table structure for table `startups`
--

DROP TABLE IF EXISTS `startups`;
/*!40101 SET @saved_cs_client     = @@character_set_client */;
/*!50503 SET character_set_client = utf8mb4 */;
CREATE TABLE `startups` (
  `startup_id` int NOT NULL AUTO_INCREMENT,
  `startup` varchar(30) NOT NULL,
  `how_much_raised_id` int NOT NULL,
  `takeaway_id` int NOT NULL,
  `factor_id` int NOT NULL,
  `sectors_id` int NOT NULL,
  `years_of_operation_id` int NOT NULL,
  PRIMARY KEY (`startup_id`),
  UNIQUE KEY `startup_id_UNIQUE` (`startup_id`),
  KEY `fk_startups_how_much_raised_idx` (`how_much_raised_id`),
  KEY `fk_startups_takeaways1_idx` (`takeaway_id`),
  KEY `fk_startups_failure_factors1_idx` (`factor_id`),
  KEY `fk_startups_sectors1_idx` (`sectors_id`),
  KEY `fk_startups_years_of_operation1_idx` (`years_of_operation_id`),
  CONSTRAINT `fk_startups_failure_factors1` FOREIGN KEY (`factor_id`) REFERENCES `failure_factors` (`factor_id`),
  CONSTRAINT `fk_startups_how_much_raised` FOREIGN KEY (`how_much_raised_id`) REFERENCES `how_much_raised` (`how_much_raised_id`),
  CONSTRAINT `fk_startups_sectors1` FOREIGN KEY (`sectors_id`) REFERENCES `sectors` (`sectors_id`),
  CONSTRAINT `fk_startups_takeaways1` FOREIGN KEY (`takeaway_id`) REFERENCES `takeaways` (`takeaway_id`),
  CONSTRAINT `fk_startups_years_of_operation1` FOREIGN KEY (`years_of_operation_id`) REFERENCES `years_of_operation` (`years_of_operation_id`)
) ENGINE=InnoDB AUTO_INCREMENT=1225 DEFAULT CHARSET=utf8mb3;
/*!40101 SET character_set_client = @saved_cs_client */;

--
-- Dumping data for table `startups`
--

LOCK TABLES `startups` WRITE;
/*!40000 ALTER TABLE `startups` DISABLE KEYS */;
INSERT INTO `startups` VALUES (1,'Coinbase NFT',101,266,26,6,108),(2,'SoFi Social',85,228,63,4,143),(3,'Square Cash',26,334,93,2,50),(4,'Venmo Groups',177,58,110,6,157),(5,'Wealthfront Cash',146,371,69,2,222),(6,'Wealthsimple Trade',17,57,1,5,13),(7,'GeoCities',214,291,143,2,73),(8,'LendLayer',201,194,115,2,105),(9,'DailyBurn',175,155,143,1,168),(10,'VisiCalc',56,334,104,1,38),(11,'NewsTilt',185,252,43,6,52),(12,'Augury Books',57,270,87,1,174),(13,'Burbn',144,243,35,2,44),(14,'99dresses',171,49,77,2,205),(15,'TrustEgg',201,134,133,6,195),(16,'CollabFinder',7,106,24,3,138),(17,'Quibb',7,51,35,3,203),(18,'Dunwello',143,112,135,2,230),(19,'Fisker Automotive',115,235,38,1,73),(20,'Theranos',136,240,130,6,172),(21,'Hot Potato',65,276,112,2,160),(22,'Zapier Plus',80,145,25,1,97),(23,'Pinterest UK',37,297,115,2,112),(24,'Zappos Labs',77,292,69,6,170),(25,'Zappos Local',58,138,90,3,38),(26,'TinyChat',171,327,41,4,52),(27,'Airy Labs',92,281,59,3,107),(28,'Bitpass',16,66,11,4,72),(29,'Zombie Labs',65,300,20,2,125),(30,'Woo',72,100,73,4,220),(31,'Yo',214,303,29,5,66),(32,'Froyo',97,49,75,4,198),(33,'StethoCloud',155,127,100,3,217),(34,'Milk',64,220,89,1,37),(35,'Periscope',168,386,27,4,122),(36,'Dropbox Paper',204,109,112,6,232),(37,'ContextLogic',25,138,128,6,136),(38,'Chirp',67,90,58,1,149),(39,'Divshot',58,6,50,4,36),(40,'Gowalla',58,112,88,4,93),(41,'Datto',193,389,101,1,149),(42,'Deem',182,347,77,3,97),(43,'Ipsy',124,376,89,3,104),(44,'Gigya',184,14,120,6,101),(45,'Factual',23,162,70,4,37),(46,'uBiome',2,351,134,2,169),(47,'Operator',165,263,106,6,201),(48,'Refresh',192,302,139,4,48),(49,'Zola Books',166,128,108,6,210),(50,'Shoptiques',11,20,15,3,218),(51,'Pulse',47,28,75,4,163),(52,'Tavour',27,339,117,2,187),(53,'Plum District',113,32,9,3,108),(54,'Connect',207,6,92,2,15),(55,'Cubelets',19,255,60,4,203),(56,'Dinner Lab',86,86,8,1,221),(57,'Lot18',102,56,33,3,68),(58,'Maker Media',141,6,59,1,187),(59,'OrderAhead',183,7,57,3,124),(60,'Thrillist Rewards',203,368,141,4,4),(61,'Curb Food',152,128,113,4,72),(62,'GoAnimate',156,390,45,4,75),(63,'Graze',77,179,28,4,75),(64,'Try.com',169,281,57,5,230),(65,'Money360',140,337,86,4,27),(66,'Indiegogo Life',105,184,29,3,159),(67,'Trello Gold',139,266,101,5,101),(68,'MakerBot',199,124,45,1,215),(69,'GroupMe',180,342,99,1,71),(70,'Healx',162,22,16,4,78),(71,'Kozmo.com',211,326,49,1,182),(72,'ZestFinance',24,198,61,3,28),(73,'Nurx',102,280,143,4,232),(74,'PillPack',12,250,4,2,154),(75,'Clarity Money',46,386,85,1,166),(76,'RethinkDB',67,187,143,3,192),(77,'Piston Cloud',134,32,49,2,226),(78,'Bebo',120,243,7,4,190),(79,'MySpace',140,51,132,4,106),(80,'Kik',91,274,43,3,36),(81,'Juicero',41,27,102,6,12),(82,'Drizly',63,155,72,4,64),(83,'Revolution Foods',211,6,125,2,188),(84,'Webvan',73,316,103,3,165),(85,'HealthifyMe',141,262,114,1,60),(86,'Munchery',81,152,140,1,154),(87,'Tumblr',121,214,19,6,42),(88,'Ecomom',49,140,119,3,184),(89,'WhoSay',152,167,54,4,151),(90,'Aira Health',201,324,103,6,104),(91,'Luminary Labs',17,233,20,5,122),(92,'Top Hat',39,252,4,6,57),(93,'Ritual',196,57,44,3,11),(94,'Thalmic Labs',48,12,54,4,137),(95,'Health IQ',138,217,62,6,51),(96,'Zulily',159,50,141,3,65),(97,'Ibotta',40,376,65,5,134),(98,'PetCube',12,169,121,3,47),(99,'Riffsy',17,57,107,4,169),(100,'SpoonRocket',131,382,138,2,86),(101,'Pocket',132,127,124,3,169),(102,'Yammer',124,277,115,2,111),(103,'Upstart',51,191,138,4,180),(104,'TuneIn Premium',211,95,133,5,29),(105,'Formspring',9,318,105,3,147),(106,'Beepi',53,144,61,6,85),(107,'Augmedix',109,326,24,1,28),(108,'iRhythm',4,275,21,1,161),(109,'Rethink Robotics',87,297,91,6,211),(110,'Thrive Market Organic',201,118,45,2,153),(111,'Kyruus',7,297,65,2,217),(112,'Skully Helmets',162,209,91,3,11),(113,'YayPay',193,203,89,1,44),(114,'Ycharts',165,395,8,4,143),(115,'Photobucket',93,31,24,2,180),(116,'Cafe X',17,260,4,6,141),(117,'PopSugar Shop',103,16,74,4,200),(118,'Markafoni',148,327,12,5,93),(119,'Shopkick',201,108,67,3,142),(120,'MediChain',49,363,125,4,25),(121,'Carwoo',37,54,136,1,55),(122,'Zaarly',85,242,123,1,38),(123,'Topix',68,198,89,5,160),(124,'Slice',49,66,131,1,221),(125,'Isentium',1,382,113,4,26),(126,'Lily Robotics',121,356,90,3,218),(127,'Music.ly',108,236,74,3,107),(128,'Nasty Gal',182,249,63,6,32),(129,'Quanergy',184,87,120,4,176),(130,'Mindstrong',154,180,90,4,120),(131,'CareZone',167,171,27,1,133),(132,'SmartAsset',79,104,57,1,164),(133,'Foursquare Swarm',187,44,27,2,190),(134,'Udacity Blitz',8,74,83,6,138),(135,'Quixey',160,359,119,5,166),(136,'Modern Health',99,6,141,3,37),(137,'Zumper Pro',67,385,117,1,32),(138,'Trunk Club',103,391,64,6,69),(139,'Fiksu',198,193,15,6,120),(140,'Knewton',81,223,105,6,222),(141,'Mozido',111,65,47,1,48),(142,'LendingClub',107,10,58,3,14),(143,'Yahoo Buzz',34,279,11,2,9),(144,'Yahoo Groups',137,356,51,3,232),(145,'Yahoo Answers',145,56,139,3,163),(146,'Yahoo Live',50,52,36,5,158),(147,'AllRomance',130,150,67,4,191),(148,'Deskbeers',157,45,26,3,58),(149,'Humanoid',149,312,34,4,201),(150,'Friend.ly',138,388,96,4,128),(151,'Ziddu',80,257,71,5,207),(152,'Readability',121,132,89,5,221),(153,'Disruptive Media',204,342,139,4,189),(154,'Hitpost',52,219,24,5,20),(155,'CloudHammer',183,365,63,3,36),(156,'Incredibowl',200,287,131,4,33),(157,'Zurb',173,71,140,6,204),(158,'Selltag',207,205,106,5,201),(159,'Chinictown',135,90,76,6,113),(160,'Coub',154,220,22,5,28),(161,'Toshl',8,177,25,1,138),(162,'PoundPay',26,149,120,6,47),(163,'Homer',93,367,36,1,26),(164,'Soundwave',93,139,124,2,215),(165,'Dopamine Labs',68,152,111,3,159),(166,'Zuuka',128,268,135,6,222),(167,'Tasty Labs',209,278,99,2,225),(168,'Dyson\'s EV Project',191,374,74,4,35),(169,'Lytro',70,184,18,6,177),(170,'Anki',134,355,129,3,158),(171,'GoPro Karma',182,171,61,2,98),(172,'Taulia',170,82,3,3,46),(173,'Outset Medical',163,62,13,3,163),(174,'Good Eggs',102,291,16,4,40),(175,'Goldfinch Bio',58,385,44,3,5),(176,'Dot & Bo',116,23,106,1,106),(177,'FundersClub',13,87,100,3,117),(178,'Zesty',183,39,45,2,159),(179,'Ask Jeeves',194,377,112,2,38),(180,'Massdrop',164,260,11,4,20),(181,'Ahalife',199,150,88,5,129),(182,'Clover',107,109,67,6,26),(183,'Clarityn',140,301,46,2,84),(184,'Netscape',65,359,25,5,83),(185,'Vemo',135,237,136,1,140),(186,'RushCard',81,360,60,1,43),(187,'Lantern',192,258,88,2,139),(188,'Ginger',44,338,65,3,11),(189,'One Kings Lane',19,19,9,1,205),(190,'Sherpaa',176,378,101,3,71),(191,'MoveLoot',188,199,85,3,121),(192,'BountyJobs',142,120,70,2,216),(193,'Treehouse',27,225,29,2,136),(194,'Intercom',77,347,40,1,120),(195,'HootSuite Media',50,343,17,3,215),(196,'GetGlue',210,182,133,1,205),(197,'EyeEm',169,1,77,2,43),(198,'Gilt Taste',1,323,89,5,147),(199,'Simple',144,315,30,5,67),(200,'Heyday',199,116,57,1,64),(201,'Yola',108,290,81,5,197),(202,'TokBox',166,213,101,1,114),(203,'Lantern Pharma',171,127,11,1,55),(204,'Mixpanel',147,221,115,4,46),(205,'Gimlet',81,3,47,1,87),(206,'Spoke',86,118,70,2,10),(207,'Evernote',34,76,111,5,4),(208,'Flowtab',158,17,143,6,216),(209,'ToVieFor',99,46,141,2,22),(210,'Everalbum',172,359,36,1,160),(211,'Imercive',89,130,45,1,10),(212,'Catelyn',138,350,47,6,218),(213,'Sampling Lab',49,305,122,5,159),(214,'Zencoder',7,364,43,3,87),(215,'Fobo',195,335,128,1,94),(216,'Xmarks',193,220,19,5,213),(217,'Blync',187,294,102,1,171),(218,'Cardiogram',53,4,81,2,60),(219,'Plum Will',68,149,135,3,134),(220,'Vdio',203,277,98,4,37),(221,'Exec',25,25,59,2,217),(222,'Faraday Future',116,140,3,1,16),(223,'Dailylook',73,158,89,4,75),(224,'Cloudera',13,289,37,2,67),(225,'Pets.com',39,127,56,2,135),(226,'Pay By Touch',201,238,122,3,201),(227,'HelloFresh Recipe',201,124,32,3,172),(228,'RetailMeNot UK',64,313,107,4,27),(229,'ThredUp Goody',87,309,67,1,10),(230,'Zeo',129,339,117,6,136),(231,'Loyal3',61,23,39,4,8),(232,'Elio Motors',19,271,117,5,161),(233,'Clinkle',129,276,24,4,160),(234,'Basis',53,60,104,1,77),(235,'YouNow',41,34,27,3,204),(236,'Presto',174,128,115,5,172),(237,'Eargo',75,71,118,2,71),(238,'BetterHelp',184,117,21,3,192),(239,'Boxed',7,151,82,5,77),(240,'Avizia',143,120,66,1,9),(241,'Essential Products',156,199,17,5,91),(242,'Fab.com',87,91,14,2,3),(243,'Goldbely',43,31,48,5,207),(244,'Zscaler Shift',1,260,72,5,75),(245,'Notion AI',183,342,27,4,189),(246,'Call9',2,385,143,3,65),(247,'Invision',9,319,100,6,230),(248,'LendUp',6,318,32,3,90),(249,'Secret',200,5,85,1,79),(250,'Chef\'d',3,105,51,6,128),(251,'ShopKeep',161,366,104,3,192),(252,'Combatant Gentlemen',191,209,79,3,147),(253,'Scanadu',53,151,25,5,75),(254,'Tango',177,11,76,2,123),(255,'Zume',111,49,119,3,117),(256,'Aria Insights',152,346,26,3,154),(257,'Cake Financial',107,131,97,3,127),(258,'Detour',193,25,25,1,52),(259,'Zing',8,285,35,3,53),(260,'Medium One',202,156,83,2,98),(261,'Osmo Systems',206,32,61,2,93),(262,'Wittlebee',198,248,30,5,232),(263,'Din',15,208,50,4,48),(264,'Dthera Sciences',35,46,96,6,86),(265,'Frontback',180,29,16,5,231),(266,'Ista',56,130,137,5,201),(267,'Zopim',208,41,84,4,211),(268,'Cocoon',136,355,53,5,127),(269,'Monitor110',17,151,108,3,156),(270,'Crunchyroll',91,201,19,1,3),(271,'Drifty',111,188,99,1,83),(272,'Jetpac',186,378,116,6,160),(273,'Better',164,77,89,5,128),(274,'Grooveshark',204,284,110,4,100),(275,'Butterfly Network',215,326,108,6,135),(276,'Cue Health',127,162,134,3,107),(277,'Pear Therapeutics',80,60,1,6,36),(278,'Aptera Motors',16,206,25,3,18),(279,'Mayvenn',68,334,11,5,150),(280,'Homejoy',22,91,96,4,189),(281,'Rockmelt',22,237,94,1,19),(282,'Hello',156,168,122,1,204),(283,'Pebble',90,275,78,2,223),(284,'Xobni',149,89,113,2,30),(285,'Color Labs',48,329,129,2,164),(286,'Codeacademy',166,221,61,4,184),(287,'HealthSpot',3,328,65,5,232),(288,'Amino',164,217,44,4,187),(289,'Digg',17,235,10,6,212),(290,'Drawbridge',172,52,67,3,165),(291,'Zoomdata',102,113,138,1,35),(292,'Friendster',205,318,128,2,231),(293,'CareSync',156,227,116,4,11),(294,'Inkling',23,93,121,4,166),(295,'BranchOut',54,295,55,5,82),(296,'Tonx',202,75,35,4,208),(297,'Crate',151,16,125,4,29),(298,'Wesabe',176,152,11,6,147),(299,'Sensible',27,65,44,6,157),(300,'Nuzzel',171,61,87,1,134),(301,'Mailbox',164,244,75,1,144),(302,'BurstIQ',99,244,86,4,29),(303,'Circle',1,281,51,4,19),(304,'Proteus Digital Health',26,106,143,2,218),(305,'Rent the Runway UK',28,260,135,2,204),(306,'Yelp Deals',49,334,126,6,114),(307,'Pearl Automation',43,30,80,4,32),(308,'Change.org',76,62,114,3,20),(309,'Maple',146,25,4,1,35),(310,'Arivale',163,202,142,4,122),(311,'Tinder Social',114,114,1,6,187),(312,'SoundCloud Go',66,247,17,5,12),(313,'Omada Health',211,308,105,3,103),(314,'Teespring',45,77,82,5,10),(315,'Rap Genius',78,303,120,1,129),(316,'Sprig',93,284,5,6,154),(317,'Instagram Live',93,369,22,2,194),(318,'Curse',27,199,60,2,176),(319,'Path',135,237,33,6,26),(320,'Foodler',93,196,20,3,37),(321,'Seed',210,340,47,5,210),(322,'ThriftBooks Indie',73,304,12,6,73),(323,'Woot',131,22,35,2,198),(324,'Karma',5,316,67,5,211),(325,'ReadyForZero',11,231,80,2,56),(326,'Nosh',5,5,67,5,151),(327,'FitStar',210,336,13,4,179),(328,'Doxy.me',96,137,122,4,25),(329,'Hush',205,122,51,1,18),(330,'BeagleBone',190,96,72,5,173),(331,'Fuze Network',43,126,84,4,2),(332,'Peerby',171,366,72,5,180),(333,'Medicasafe',176,323,72,2,215),(334,'Fashism',15,52,109,6,96),(335,'Vittana',106,238,12,3,54),(336,'Songza',97,305,82,5,105),(337,'Memebox',166,11,120,4,10),(338,'Raise',29,25,91,2,140),(339,'Plex',34,224,102,2,216),(340,'Whisper',5,151,127,6,201),(341,'IFTTT',202,351,64,2,184),(342,'Babylon Health',62,177,50,3,68),(343,'Twitter Fabric',60,31,39,3,67),(344,'Vine',203,125,16,1,84),(345,'Twitter Music',64,368,70,3,32),(346,'ChowNow',195,305,65,4,129),(347,'ShareThis',165,293,17,6,98),(348,'Avant',185,9,22,1,196),(349,'Spring',109,298,9,1,230),(350,'Zomato Base',197,65,74,6,182),(351,'Tilt',1,10,50,4,1),(352,'Hulu Japan',33,281,77,4,84),(353,'Wise',118,342,104,3,148),(354,'Domo',11,66,128,3,202),(355,'Tinnitracks',195,60,120,3,148),(356,'ElectricObjects',124,159,95,2,230),(357,'Pawngo',105,341,59,2,51),(358,'Kaiku Health',144,391,58,1,151),(359,'Burstly',42,298,67,3,227),(360,'Light',200,345,113,1,147),(361,'Airware',173,287,10,4,152),(362,'Houseparty',164,326,3,5,167),(363,'SigFig',72,322,128,5,62),(364,'Poshmark UK',62,208,131,5,9),(365,'Yik Yak',6,9,27,6,218),(366,'Wickr',186,278,122,5,145),(367,'August Home',27,311,94,2,126),(368,'Outdoor Voices',135,116,115,1,50),(369,'Tradesy',122,378,54,5,129),(370,'Wepay',214,254,124,1,166),(371,'JustFab',209,269,122,4,84),(372,'Quit Genius',214,6,44,2,98),(373,'InTouch Health',205,183,49,3,15),(374,'Quirky',34,211,129,2,193),(375,'Quid',117,306,95,2,131),(376,'Drync',171,137,71,2,164),(377,'BioBeats',110,282,81,3,183),(378,'Twilio SendGrid',13,48,70,1,232),(379,'Fancy',157,249,14,1,223),(380,'ModCloth',74,298,66,4,142),(381,'Tastemade Travel',52,60,1,5,190),(382,'Substack Local',37,228,30,4,162),(383,'Workable',47,214,107,4,8),(384,'Zendesk Chat',31,116,19,2,196),(385,'Better Place',171,200,10,2,185),(386,'Olive',95,259,30,1,80),(387,'Havenly',136,132,79,5,195),(388,'Zynga Games',196,114,32,3,164),(389,'Mobli',199,182,99,6,95),(390,'HealthTap+',33,214,137,4,177),(391,'Huddle',175,301,25,3,50),(392,'Wishbone',215,390,11,4,127),(393,'HealthRiser',215,190,57,1,193),(394,'Plum',116,83,87,1,62),(395,'HobbyDB',73,394,80,3,108),(396,'Grubwithus',215,117,118,5,115),(397,'Caviar',207,229,32,4,165),(398,'Lumeon',109,298,56,6,96),(399,'Jawbone',119,149,90,1,149),(400,'Groupon Now',156,300,78,1,115),(401,'Auctionata',196,94,12,5,35),(402,'Canvas',47,194,41,1,20),(403,'Driver',195,172,111,4,49),(404,'Ampush',7,174,1,3,98),(405,'Aryballe',3,36,71,3,202),(406,'Atrium',52,367,78,2,230),(407,'Babble',91,104,62,5,44),(408,'BeRecruited',200,102,2,2,48),(409,'Bina Technologies',89,308,40,5,148),(410,'BioViva',160,106,123,4,50),(411,'BlackJet',61,300,80,3,186),(412,'Block Party',90,192,133,5,96),(413,'Bloom Energy',104,340,54,4,96),(414,'Blurb',197,29,24,3,121),(415,'Breather',82,208,90,6,115),(416,'BrightFarms',78,7,56,5,208),(417,'Brit + Co',109,203,44,4,185),(418,'BufferBox',169,58,5,3,46),(419,'Butterfly Health',15,60,56,5,65),(420,'Calxeda',25,4,19,5,191),(421,'Canary',178,243,126,6,121),(422,'ClassPass',87,116,69,1,164),(423,'Clever',108,227,106,5,211),(424,'ClickFacts',29,238,56,1,185),(425,'Club Penguin',59,193,5,3,144),(426,'Couchsurfing',210,210,127,2,101),(427,'Covo',103,189,103,2,182),(428,'Cypress',163,115,101,5,21),(429,'Dealflicks',107,101,116,3,88),(430,'Delight',126,262,54,2,116),(431,'Delivery Hero',85,391,111,6,68),(432,'DoorDash Air',202,276,133,2,179),(433,'Doppler Labs',149,180,115,3,79),(434,'DormChat',203,354,76,4,150),(435,'Doximity',100,286,10,2,6),(436,'DroneBase',116,122,96,6,181),(437,'Dundee Venture',76,143,107,5,39),(438,'E la Carte',155,127,62,6,44),(439,'Earbits',173,381,32,1,76),(440,'Eden',6,60,54,6,147),(441,'Edmodo',57,120,48,6,231),(442,'EduKart',154,145,29,1,202),(443,'Egomotion',156,295,2,5,100),(444,'Eko',48,166,76,1,22),(445,'Elance',34,159,96,6,30),(446,'Elevate Labs',39,219,138,1,48),(447,'Ellipse',95,118,32,1,203),(448,'Embrace',70,69,2,4,42),(449,'Endomondo',1,224,3,2,70),(450,'Enigma',97,344,93,5,120),(451,'Entrypoint',42,140,24,4,185),(452,'Envoy',42,310,67,4,107),(453,'EpiBone',211,210,94,3,27),(454,'Etsy Wholesale',169,188,37,5,50),(455,'Eventbrite Britain',88,317,116,1,185),(456,'Every.me',168,250,15,6,2),(457,'FameBit',6,205,89,2,200),(458,'Famo.us',197,105,130,5,17),(459,'Fanduel Scotland',48,302,36,1,48),(460,'FanDuel Sportsbook',199,211,91,5,132),(461,'Fanhattan',36,124,107,2,177),(462,'Fano',177,208,23,1,5),(463,'Faze Medicines',187,209,93,6,4),(464,'Feather',27,292,99,2,147),(465,'Fieldbook',27,25,141,4,143),(466,'Fieldlens',151,113,81,5,73),(467,'FiftyThree',124,237,71,6,115),(468,'Filepicker',142,37,35,5,227),(469,'Firebase',57,312,104,1,74),(470,'Firefly',70,40,36,5,127),(471,'First Opinion',81,65,69,5,134),(472,'Fitbit Coach',133,276,37,3,178),(473,'Fitmob',90,231,34,4,24),(474,'Fiverr Gigs',72,269,37,2,143),(475,'Fixya',101,140,1,5,194),(476,'Flashnotes',16,1,38,6,70),(477,'Fleksy',186,32,127,6,22),(478,'Flock',118,382,83,4,82),(479,'Flocu',205,164,66,6,173),(480,'Framed Data',88,21,104,2,110),(481,'Freak\'n Genius',111,20,127,4,194),(482,'Freeletics',111,284,136,3,110),(483,'Frenzy',79,305,97,2,94),(484,'Freshdesk',91,302,128,4,121),(485,'Front Desk',170,235,68,4,92),(486,'Gametime',137,58,50,4,121),(487,'Gawk Media',175,37,38,4,91),(488,'GazeHawk',4,6,78,6,29),(489,'Geckoboard',148,205,25,6,82),(490,'Genuity',24,162,67,6,16),(491,'Getaround',200,269,19,2,41),(492,'Ginger.io',204,169,115,1,158),(493,'Gnip',109,244,89,2,42),(494,'Gobble',199,134,86,6,180),(495,'Good Technology',97,147,75,3,137),(496,'Greenhouse.io',74,5,20,4,129),(497,'Grockit',122,81,119,3,112),(498,'Guitar Hero Live',185,350,130,3,57),(499,'Gusto',64,312,41,1,219),(500,'Hailo',140,297,126,5,174),(501,'Handspring',151,209,4,6,61),(502,'Happn',194,377,82,2,141),(503,'Heap',110,135,75,4,228),(504,'HiGear',63,304,90,6,180),(505,'Highfive',16,105,48,4,28),(506,'Hipmunk',37,184,68,5,49),(507,'Hired',8,195,124,5,65),(508,'Homeslice',42,391,85,1,9),(509,'HopSkipDrive',214,249,43,6,39),(510,'HotelTonight',27,129,42,6,221),(511,'HowAboutWe',72,307,92,4,17),(512,'Hyperloop One',145,171,69,2,2),(513,'I/O Docs',29,157,47,3,139),(514,'Iddiction',212,272,101,2,28),(515,'Ideeli',137,392,55,6,13),(516,'Immersv',86,170,59,2,139),(517,'Import.io',62,171,93,5,95),(518,'Improvonia',102,96,138,5,3),(519,'InBloom',132,305,63,2,65),(520,'Instacart Express',29,112,76,1,82),(521,'Instapaper',88,163,36,4,198),(522,'Intent Media',159,107,55,1,94),(523,'Intuit QuickBase',145,132,60,5,73),(524,'IRL',185,61,118,4,149),(525,'Iroko',46,30,56,2,222),(526,'Jibo',207,183,127,1,56),(527,'Jive Software',143,183,6,4,83),(528,'Jobr',136,267,63,1,229),(529,'Jolt',59,364,129,6,73),(530,'Joyent',195,370,44,4,60),(531,'Jukin Media',163,296,120,2,150),(532,'JumpTime',73,393,4,1,68),(533,'Juniper Square',85,136,106,1,59),(534,'Katerra',182,297,127,2,217),(535,'Keen IO',119,233,95,6,32),(536,'Keybase',66,30,105,2,107),(537,'Khan Academy Lite',67,356,21,6,111),(538,'Kicksend',181,327,35,1,92),(539,'Kiko',202,324,88,3,2),(540,'Kinnek',82,316,50,2,53),(541,'Kippt',66,25,120,2,16),(542,'Kiwi',44,27,96,1,226),(543,'Klout',151,287,142,5,121),(544,'Kno',140,395,2,6,163),(545,'Koding',161,282,134,4,196),(546,'Koji',74,213,15,1,48),(547,'KPCB Edge',102,24,52,4,184),(548,'KweekWeek',84,373,122,4,207),(549,'Lanyrd',119,366,140,1,210),(550,'Latergramme',91,146,141,6,189),(551,'Layer',123,103,85,3,115),(552,'Leap Transit',172,195,43,4,135),(553,'LearnUp',9,121,82,4,99),(554,'Liftopia',186,66,26,4,87),(555,'LightSail Energy',186,146,114,5,152),(556,'Limbix',26,101,52,4,226),(557,'LinkedIn Lite',59,46,97,2,214),(558,'Lit Motors',214,368,90,3,217),(559,'Livefyre',175,309,102,6,47),(560,'LiveLoop',3,3,28,2,202),(561,'LiveMint',138,377,121,4,176),(562,'LiveScribe',211,249,13,2,122),(563,'LiveSpace',68,380,106,5,168),(564,'Loom',170,87,2,4,49),(565,'Loom.ai',110,310,89,4,136),(566,'Loop Commerce',171,181,22,5,172),(567,'Lovely',204,158,122,4,168),(568,'Luxe',60,179,74,3,135),(569,'Lyft Line',42,300,90,6,85),(570,'Mandrill',67,63,73,4,207),(571,'Marissa Mayer\'s Yahoo',78,287,90,1,132),(572,'Matter.io',99,386,66,3,169),(573,'Mattermark',211,187,8,6,13),(574,'Maven',124,104,80,1,96),(575,'Me.me',170,392,101,6,138),(576,'Medicast',15,205,98,6,74),(577,'Meetup WeWork',109,112,46,5,155),(578,'Memolane',133,7,37,1,174),(579,'Memrise',153,155,5,1,80),(580,'Mention',51,35,64,6,208),(581,'Mesh',176,19,24,2,125),(582,'Meta AR',205,43,82,4,170),(583,'Meteor',200,258,133,3,68),(584,'MindSumo',137,47,142,3,116),(585,'Mint Songs',211,129,115,1,176),(586,'Mobi',106,111,120,4,92),(587,'Moment',78,184,142,4,77),(588,'Mondo Robot',51,367,115,3,211),(589,'Monetate',176,306,7,5,187),(590,'MongoHQ',206,195,44,3,174),(591,'Monstercat',40,105,59,1,188),(592,'Moo',122,350,32,6,127),(593,'Moodstocks',47,363,22,3,18),(594,'Moon Express',54,81,58,3,218),(595,'Moped',87,376,20,5,218),(596,'Mophie',26,65,80,4,78),(597,'Movable Ink',105,109,21,3,14),(598,'MyFitnessPal',22,72,143,1,183),(599,'MyMiniLife',49,237,94,2,36),(600,'Nanosolar',33,185,89,2,185),(601,'Nebula',191,99,27,1,99),(602,'Nestio',159,273,25,1,137),(603,'NetBooks',37,356,75,5,128),(604,'Nextbit',124,161,75,3,57),(605,'NextCaller',33,172,73,2,230),(606,'Nextdoor Local',39,172,107,3,128),(607,'Nimble',165,375,6,6,200),(608,'Ninja Metrics',137,229,132,3,68),(609,'Noom Coach',211,352,57,3,73),(610,'ODesk',16,371,92,4,120),(611,'OfferUp Local',186,102,53,1,196),(612,'Oink',214,233,133,3,149),(613,'Olo',69,239,128,2,1),(614,'Omaze UK',75,249,124,6,129),(615,'Omnity',160,322,135,6,206),(616,'Omnivis',50,131,73,2,170),(617,'One Month',179,169,52,5,176),(618,'OneFineStay',52,60,42,1,160),(619,'OneLogin',145,149,78,2,136),(620,'OneSignal',161,155,50,1,72),(621,'OnSwipe',82,241,71,6,90),(622,'OpenAirplane',26,160,124,3,82),(623,'OpenPeak',112,267,135,3,97),(624,'Opera Solutions',73,38,39,4,128),(625,'Optimizely',116,366,11,6,43),(626,'Orbeus',95,292,133,2,6),(627,'Orchard',186,118,119,4,150),(628,'Origami Labs',210,183,100,4,55),(629,'Osmo',173,104,90,4,203),(630,'Outbox',124,133,134,6,154),(631,'Ouya',146,184,22,6,139),(632,'OverDrive',10,241,68,6,54),(633,'OwnLocal',78,219,48,5,139),(634,'Oyster',129,302,1,3,40),(635,'Pager',176,249,70,3,23),(636,'Pair',186,359,86,5,73),(637,'PandoDaily',111,7,41,5,112),(638,'Panorama Education',91,116,96,5,216),(639,'Paperless Post',187,277,33,1,89),(640,'Parse',192,123,84,4,159),(641,'Patreon Events',79,245,16,1,68),(642,'Peek',93,298,96,6,136),(643,'Photonics',74,307,92,4,111),(644,'Pi',131,376,58,4,209),(645,'Piazza',193,198,75,2,93),(646,'Picnik',91,242,127,5,68),(647,'Pinger',108,248,127,4,130),(648,'Pipelinedeals',198,268,52,3,185),(649,'Pixate',172,16,48,4,156),(650,'Pixelpipe',28,104,72,5,128),(651,'Placements.io',109,11,64,1,73),(652,'Plancast',168,388,63,2,61),(653,'PlanGrid',107,172,10,4,38),(654,'PlateJoy',179,104,103,6,41),(655,'PlayHaven',188,256,6,1,5),(656,'Plume Labs',41,251,59,2,10),(657,'Pockethunt',151,353,26,1,219),(658,'Podster',213,147,17,5,75),(659,'Polarr',103,367,136,5,185),(660,'Poll Everywhere',101,52,127,2,219),(661,'Polyvore',17,268,43,4,136),(662,'PonoMusic',208,346,26,4,230),(663,'Portfolium',157,379,77,4,133),(664,'Postmates X',204,347,122,4,74),(665,'PostRocket',135,79,143,6,185),(666,'PowerReviews',149,93,48,3,18),(667,'Preact',182,91,51,6,34),(668,'Predilytics',162,179,12,5,90),(669,'Pressly',39,96,126,1,222),(670,'Priceonomics',110,160,83,3,163),(671,'Prismatic',29,382,64,1,175),(672,'Pro.com',14,232,70,5,198),(673,'Product Hunt Games',66,384,25,3,219),(674,'ProntoPiso',40,92,98,4,94),(675,'ProPublica Data',85,35,140,4,17),(676,'Punch\'d',138,68,9,1,131),(677,'Puppet Labs',154,171,17,1,23),(678,'PureWow',160,344,50,1,89),(679,'Push IO',176,65,92,3,67),(680,'QuizUp',57,265,69,4,33),(681,'Quora Credits',185,380,72,1,206),(682,'Qwiki',169,60,54,5,94),(683,'RadPad',69,110,61,1,57),(684,'RebelMail',56,175,119,5,202),(685,'Reclip',69,178,58,1,200),(686,'RecruitLoop',27,62,76,6,197),(687,'RedBeacon',83,178,105,2,162),(688,'Remix',129,270,20,4,64),(689,'RentJuice',144,292,117,5,231),(690,'Replit Teams',52,155,36,2,14),(691,'RescueTime',172,388,31,2,103),(692,'Retention Science',135,176,65,6,229),(693,'Retro',72,382,136,4,178),(694,'Rev',172,63,104,4,9),(695,'ReverbNation',65,172,79,6,159),(696,'Ridejoy',75,239,63,4,130),(697,'Rigetti Computing',69,365,55,4,43),(698,'Ringly',176,361,37,4,163),(699,'Rogue',203,256,10,2,129),(700,'Room 77',75,291,54,5,61),(701,'Roominate',33,87,16,3,152),(702,'RoverPass',40,304,138,6,135),(703,'RunKeeper',168,164,59,1,18),(704,'RxRobots',185,303,130,6,159),(705,'Sailthru',87,23,37,6,140),(706,'SaleMove',181,128,39,4,124),(707,'Samba TV',132,149,63,1,28),(708,'Say Media',110,158,71,6,125),(709,'ScaleFactor',172,299,32,1,91),(710,'Scoop',210,237,108,5,70),(711,'Screenhero',99,50,107,5,141),(712,'SendGrid Labs',101,363,52,3,93),(713,'Sense',147,328,115,5,96),(714,'SetJam',148,21,136,4,23),(715,'Shelfari',114,174,70,6,49),(716,'SherpaShare',185,198,114,5,53),(717,'Shoobs',154,50,104,6,152),(718,'ShopSavvy',208,86,63,2,103),(719,'ShoreTel',134,10,117,5,185),(720,'Shyp',173,261,99,2,30),(721,'Sidecar',98,71,51,2,120),(722,'Sidekick',43,251,41,3,222),(723,'SilkRoad',19,160,109,5,139),(724,'Singly',106,324,43,2,141),(725,'Skillshare Classes',201,2,141,3,98),(726,'Skully',30,273,115,5,219),(727,'Skybox Imaging',107,85,43,2,134),(728,'Skype Qik',148,177,2,3,50),(729,'Slack Fund',137,237,6,1,150),(730,'Slidely',15,159,125,3,208),(731,'Slock.it',109,260,54,5,225),(732,'Smartling',177,135,2,6,161),(733,'Snapchat Spectacles',9,315,133,1,69),(734,'SnipSnap',5,158,58,3,2),(735,'Snowball',120,128,15,6,127),(736,'Songkick Detour',192,73,6,3,232),(737,'Sosh',181,243,54,3,61),(738,'SoundFocus',67,255,19,1,111),(739,'Spaces',40,94,44,6,2),(740,'SpaFinder',99,362,56,1,57),(741,'Spark',184,348,19,6,55),(742,'Spartan Radar',99,312,100,4,19),(743,'Spectralux',137,233,2,6,43),(744,'Sphero',209,88,72,6,54),(745,'Spindle',180,102,29,4,46),(746,'Spotify Stations',111,6,132,5,54),(747,'Sprinklr',129,91,58,4,20),(748,'Sprout',64,101,52,2,103),(749,'Sprout Social Lite',110,363,22,5,45),(750,'Sublime',215,9,92,1,189),(751,'SumAll',10,57,89,3,31),(752,'Sumo Logic',163,172,83,4,43),(753,'Sunrun',142,88,38,1,220),(754,'Superhuman',198,246,37,6,109),(755,'Supershuttle',21,370,19,1,127),(756,'SurveyMonkey Contribute',197,208,24,4,206),(757,'Swarm',105,96,128,3,116),(758,'Swiftype',73,241,135,5,135),(759,'Swrve',116,116,2,5,191),(760,'Symphony Commerce',194,159,129,2,117),(761,'Synack',55,140,68,3,204),(762,'Taboola News',82,177,103,1,93),(763,'Tagged',30,4,35,4,82),(764,'Tailgate',84,278,30,2,204),(765,'Talech',80,99,139,6,185),(766,'TaskRabbit UK',28,116,81,6,35),(767,'Teamable',87,40,137,1,157),(768,'TellApart',10,87,103,5,198),(769,'Tellme',61,283,37,6,226),(770,'Tempo',215,85,129,2,198),(771,'Tend',31,273,61,5,65),(772,'TenderTree',68,226,109,6,162),(773,'Tenta',202,46,109,6,140),(774,'Tessel',169,226,54,2,162),(775,'The Grid',204,182,141,5,66),(776,'The Hunt',118,368,49,5,231),(777,'The RealReal UK',66,233,114,3,19),(778,'The Shelf',185,394,98,5,61),(779,'ThingLink',133,377,72,4,76),(780,'ThinkUp',25,179,76,6,218),(781,'Thread',54,353,8,4,154),(782,'Threadless Artist Shops',11,170,54,6,205),(783,'Thumb',167,145,57,3,201),(784,'Thumbtack Local',158,45,61,3,23),(785,'Ticketfly',135,339,42,3,198),(786,'Timehop',86,377,45,6,41),(787,'Tinderbox',195,106,58,6,162),(788,'Ting',8,183,117,2,154),(789,'Tiny Speck',55,103,52,3,73),(790,'Titan Aerospace',195,390,11,1,154),(791,'Todoist Business',133,51,59,6,206),(792,'Toggl',170,282,45,2,205),(793,'Toopher',34,29,31,1,34),(794,'Topsy',86,65,121,2,117),(795,'Toptal Designers',119,201,10,6,123),(796,'Tout',93,363,116,4,162),(797,'Traackr',143,166,141,5,209),(798,'Tractable',168,200,48,3,18),(799,'Trada',33,329,58,1,100),(800,'TradeGecko',91,105,130,1,95),(801,'Trapit',42,166,1,1,116),(802,'Triad',36,164,110,5,34),(803,'Triggermail',155,214,105,6,214),(804,'TripIt Pro',11,120,69,6,64),(805,'Triplet Therapeutics',107,258,44,6,142),(806,'Tripod',193,134,97,5,138),(807,'Tubefilter',123,168,121,2,59),(808,'Turntable.fm',94,396,19,1,152),(809,'Tutorspree',208,78,58,4,73),(810,'Twist',149,137,92,5,12),(811,'Twitch Squads',58,347,96,5,45),(812,'Uber Rush',105,156,69,2,29),(813,'Udemy Free',120,383,108,2,93),(814,'Ueno',47,63,23,2,5),(815,'Unbounce',87,178,50,6,216),(816,'Uncharted Play',189,148,81,3,117),(817,'Uncrate',183,78,9,2,114),(818,'Understory',199,138,63,5,23),(819,'UnifyID',184,219,56,4,224),(820,'Unroll.me',88,307,143,1,38),(821,'Untappd Events',56,90,139,2,228),(822,'UpCounsel',149,141,105,5,193),(823,'UpOut',150,352,139,2,85),(824,'Upworthy Insider',37,100,76,5,167),(825,'Urban Airship',122,201,52,6,170),(826,'UrbanSitter',168,186,62,2,135),(827,'UserVoice',98,199,140,4,145),(828,'Ustream',113,81,110,1,119),(829,'Vamp',179,40,74,6,181),(830,'Vanhawks',212,384,85,4,162),(831,'Vator',60,164,136,4,101),(832,'Vayable',33,210,6,1,194),(833,'Vedere Bio II',44,312,94,3,46),(834,'Vesper',190,22,78,1,15),(835,'Vessel',182,78,132,5,200),(836,'Videology',117,21,88,6,18),(837,'Vidme',123,384,2,4,62),(838,'Viewdle',62,156,78,4,211),(839,'Viki',69,141,8,6,145),(840,'Viper',1,200,83,2,141),(841,'Virta Health',207,359,45,3,189),(842,'Virtustream',44,104,104,5,155),(843,'VisualDNA',64,332,32,1,48),(844,'Vive',19,30,137,6,120),(845,'VocalIQ',115,108,6,3,195),(846,'Vodio',94,148,134,5,228),(847,'Vook',113,363,69,1,24),(848,'Wag',138,316,78,4,140),(849,'Wanderu',69,202,77,3,218),(850,'Washio',100,228,115,4,97),(851,'Wattpad Futures',24,129,104,6,178),(852,'Wavely',77,221,87,3,28),(853,'Wavii',70,388,136,2,112),(854,'WayUp',70,157,15,5,92),(855,'Weave',189,46,59,4,113),(856,'Weebly Carbon',3,223,52,2,179),(857,'WellnessFX',145,337,100,4,177),(858,'WhatRunsWhere',4,196,107,3,35),(859,'Whiteboard',62,75,95,2,164),(860,'WigWag',35,244,86,6,170),(861,'Wildfire',192,128,132,6,183),(862,'WillCall',194,65,70,2,135),(863,'Willo',35,121,117,6,213),(864,'Wimm Labs',156,318,96,2,139),(865,'Wink',62,321,119,6,229),(866,'Wit.ai',179,50,136,2,212),(867,'WizIQ',116,18,58,1,82),(868,'Womply',135,72,104,3,89),(869,'Wooden',42,300,70,1,133),(870,'Workboard',103,57,41,4,102),(871,'WorkMarket',213,19,61,6,144),(872,'WorldMate',93,254,98,1,113),(873,'Woven',99,305,45,5,79),(874,'Y Combinator Research',204,253,136,6,173),(875,'Yandex Kit',190,272,1,4,195),(876,'Yext Answers',135,134,90,5,95),(877,'Yodle',93,218,50,5,215),(878,'Yog',149,121,10,6,69),(879,'Yotpo Reviews',64,107,11,1,111),(880,'YourMechanic',176,340,129,6,129),(881,'YPlan',133,139,109,2,89),(882,'Zagster',79,376,71,4,195),(883,'Zenefits',132,258,134,4,70),(884,'Zerigo Health',209,57,86,2,172),(885,'Zillow Offers',15,360,123,5,183),(886,'Zimperium',128,92,83,1,84),(887,'Zocdoc Local',143,202,64,4,133),(888,'Zoho Show',98,17,48,5,42),(889,'Zvents',164,62,82,3,76),(890,'Zynstra',42,98,41,5,91);
/*!40000 ALTER TABLE `startups` ENABLE KEYS */;
UNLOCK TABLES;

--
-- Table structure for table `takeaways`
--

DROP TABLE IF EXISTS `takeaways`;
/*!40101 SET @saved_cs_client     = @@character_set_client */;
/*!50503 SET character_set_client = utf8mb4 */;
CREATE TABLE `takeaways` (
  `takeaway_id` int NOT NULL AUTO_INCREMENT,
  `takeaway` varchar(30) NOT NULL,
  PRIMARY KEY (`takeaway_id`)
) ENGINE=InnoDB AUTO_INCREMENT=397 DEFAULT CHARSET=utf8mb3;
/*!40101 SET character_set_client = @saved_cs_client */;

--
-- Dumping data for table `takeaways`
--

LOCK TABLES `takeaways` WRITE;
/*!40000 ALTER TABLE `takeaways` DISABLE KEYS */;
INSERT INTO `takeaways` VALUES (1,'3D printing needs precision'),(2,'Acquisition dead end'),(3,'Acquisition stalls'),(4,'Adapt or atrophy'),(5,'Adapt or die'),(6,'Adapt to shifts'),(7,'Aggregators need scale'),(8,'AI needs buyers'),(9,'Anonymity\'s beast'),(10,'Anonymity\'s gamble'),(11,'Anonymity\'s messy'),(12,'APIs eat pioneers'),(13,'AR needs execution'),(14,'Auto tech must beat OEMs'),(15,'Automation needs scale'),(16,'Banking needs scale'),(17,'Basics beat quirky'),(18,'Beans need scale'),(19,'Beauty saturates'),(20,'Better beats big'),(21,'Big bets need wins'),(22,'Big clients fast'),(23,'Big fish eat ideas'),(24,'Biometrics need reliability'),(25,'Books need giants'),(26,'Books need scale'),(27,'Booze needs breadth'),(28,'Boutiques need reach'),(29,'Broad appeal needed'),(30,'Brokerages need volume'),(31,'Budget for long runways'),(32,'Buyers can bury'),(33,'Buyouts can bury'),(34,'Buyouts can end'),(35,'Cameras can\'t beat smartphones'),(36,'Cameras can\'t outrun trends'),(37,'Cash burn kills curation'),(38,'Cash can\'t crowd out'),(39,'Cash can\'t outrun'),(40,'Cheap cars need delivery'),(41,'Cheap doesn\'t last'),(43,'Content\'s costly'),(44,'Convenience needs converts'),(45,'Cool doesn\'t equal useful'),(46,'Costs can kill'),(47,'Costs cook meal kits'),(48,'Coupons fade too'),(49,'Craft needs scale'),(50,'Crowdfunding needs hits'),(51,'Crowdfunding needs mass'),(52,'Crowds beat cults'),(53,'Crowds don\'t profit'),(54,'Crypto needs stability'),(55,'Curation needs cash flow'),(56,'Curation needs clout'),(57,'Curation needs scale'),(58,'Custom needs profit'),(59,'Data needs dominance'),(60,'Data\'s only gold if sold'),(61,'Deals die fast'),(62,'Deals fade fast'),(63,'Deals fade out'),(64,'Deals lose steam'),(65,'Deals need reach'),(66,'Deals tire out'),(67,'Debt tools need edge'),(68,'Defensible revenue matters'),(69,'Deliver or downsize'),(70,'Delivery beats pickup'),(71,'Differentiate or die'),(72,'Differentiation\'s key'),(73,'Don\'t alienate base'),(74,'Don\'t bet on one partner'),(75,'Don\'t bet on turf'),(76,'Don\'t overpromise hardware'),(77,'Drones need perfection'),(78,'Drones need simplicity'),(79,'Early exits end'),(80,'Ecosystems win'),(81,'Edtech needs scale'),(82,'Estate tech needs traction'),(83,'Ethics are non-negotiable'),(84,'EV hype needs execution'),(85,'Events need economics'),(86,'Evidence matters'),(87,'Evolve or lose'),(88,'EVs are a giant\'s game'),(89,'EVs need mainstream appeal'),(90,'Execution beats ethos'),(91,'Execution must scale'),(92,'Execution outranks cash'),(93,'Execution over promises'),(94,'Expansion eats cash'),(95,'Experiments need wins'),(96,'Extensions need traction'),(97,'Fads burn out'),(98,'Fads need legs'),(99,'Fashion needs edge'),(100,'Fashion needs scale'),(101,'Features can fade'),(102,'Features fade'),(103,'Features need identity'),(104,'Features swallow'),(105,'Finance apps need edge'),(106,'Finance apps need reach'),(107,'Finance needs edge'),(108,'Finance tools need scale'),(109,'Fintech can\'t skirt regs'),(110,'Fitness hardware needs quality'),(111,'Flawless execution needed'),(112,'Flexibility beats rigidity'),(113,'Focus beats frenzy'),(114,'Focus drifts kill'),(115,'Focus wins in health'),(116,'Food tech needs efficiency'),(117,'Free beats curated'),(118,'Free can trap'),(119,'Free caps premium'),(120,'Free doesn\'t pay'),(121,'Free eats paid'),(122,'Free evolves fast'),(123,'Free kills premium'),(124,'Free limits scale'),(125,'Free roots deep'),(126,'Free roots stifle'),(127,'Free trumps tiers'),(128,'Free trumps upsell'),(129,'Free wins over paid'),(130,'Freemium\'s a gamble'),(131,'Free\'s a trap'),(132,'Freshness costs'),(133,'Friction kills'),(134,'Gadgets need giants'),(135,'Giants catch up'),(136,'Giants crowd out'),(137,'Giants crush niches'),(138,'Giants dominate IoT'),(139,'Giants eat niches'),(140,'Giants gobble niches'),(141,'Giants own ads'),(142,'Giants own content'),(143,'Giants own fandom'),(144,'Giants own storage'),(145,'Giants rewrite rules'),(146,'Giants rule dating'),(147,'Gift cards need scale'),(148,'Gimmicks don\'t last'),(149,'Global trumps silos'),(150,'Growth must match fundamentals'),(151,'Growth needs control'),(152,'Growth needs profit'),(155,'Hardware\'s a gamble'),(156,'Health needs scale'),(157,'Hits beat casual'),(158,'Humans trump robots'),(159,'Hype can\'t save fit'),(160,'Identity matters'),(161,'Infra needs buy-in'),(162,'Innovate or die'),(163,'Innovation isn\'t enough'),(164,'Innovation needs buyers'),(165,'IoT needs a big niche'),(166,'ISAs need traction'),(167,'Kids\' ed needs scale'),(168,'Kids need scale'),(169,'Kids\' tech brutal'),(170,'Killer edge needed'),(171,'Latecomers lose'),(172,'Lead or lose'),(173,'Legality\'s key'),(174,'Lending needs compliance'),(175,'Lending needs risk balance'),(176,'Lending needs scale'),(177,'Lending needs stability'),(178,'LiDAR needs booming market'),(179,'Lifestyle needs reach'),(180,'Local beats generic'),(181,'Local giants win'),(182,'Local limits growth'),(183,'Local needs pull'),(184,'Local\'s tough sell'),(185,'Logistics eat profits'),(186,'Logistics sink niches'),(187,'Loyalty needs giants'),(188,'Loyalty needs scale'),(189,'Luxury EVs need reliability'),(190,'Luxury needs reach'),(191,'Luxury needs volume'),(192,'Margins beat hype'),(193,'Margins matter'),(194,'Markets need sides'),(195,'Mass appeal needed'),(196,'Math and compliance matter'),(198,'Microloans need reach'),(199,'Micropayments need mass use'),(200,'Middlemen get cut'),(201,'Middlemen get squeezed'),(202,'Mismanagement burns'),(203,'Mission drift costs'),(204,'Mission needs business model'),(205,'Monetization is key'),(206,'Monetize or fade'),(207,'Narrow focus beats broad'),(208,'Need cost advantage'),(209,'Need payer buy-in'),(210,'Neglect kills hits'),(211,'Neglect kills legacy'),(212,'Neobanks need independence'),(213,'Network effects can crush'),(214,'Networks need mass'),(215,'Newcomers steal'),(216,'NFTs need timing'),(217,'Niche apps need big audiences'),(218,'Niche caps growth'),(219,'Niche caps tech'),(220,'Niche doesn\'t defend'),(221,'Niche eats need taste'),(222,'Niche edtech ceilings'),(223,'Niche finance needs reach'),(224,'Niche lending needs demand'),(225,'Niche needs a hook'),(226,'Niche needs a moat'),(227,'Niche needs deep pockets'),(228,'Niche needs demand'),(229,'Niche needs edge'),(230,'Niche needs kids'),(231,'Niche needs profit'),(232,'Niche needs scale'),(233,'Niche needs traction'),(234,'Niche needs traffic'),(235,'Niche needs volume'),(236,'Niche payments need use'),(237,'Niche retail bleeds'),(238,'Niche trends risky'),(239,'Niches get nabbed'),(240,'Old tech rusts'),(241,'Old tools rust'),(242,'Open source needs pay'),(243,'Open-source needs community'),(244,'Organic needs scale'),(245,'Organic\'s pricey'),(246,'P2P needs trust'),(247,'Passion doesn\'t pay'),(248,'Payer alignment is key'),(249,'Payers drive success'),(250,'Payments need dominance'),(251,'Payments need execution'),(252,'Payments need scale'),(253,'Peaks don\'t last'),(254,'Pedigree isn\'t enough'),(255,'Personal funding needs appeal'),(256,'Personalization\'s pricey'),(257,'Pickup needs giants'),(258,'Pivots can save'),(259,'Plan for acquisition'),(260,'Plan for cycles'),(261,'Plan for long cycles'),(262,'Planning needs traction'),(263,'Platforms don\'t mix'),(264,'Platforms evolve'),(265,'Platforms shift'),(266,'Platforms steal thunder'),(267,'Polish beats early'),(268,'POS needs giants'),(269,'Premium food needs profit'),(270,'Premium loses to scale'),(271,'Premium needs mass market'),(272,'Prepaid needs reach'),(273,'Prepaid needs trust'),(274,'Privacy\'s crowded'),(275,'Privacy\'s tightrope'),(276,'Profitability matters'),(277,'Prove outcomes'),(278,'Prove the pudding'),(279,'Quality beats chaos'),(280,'Quality must match scale'),(281,'Quality over growth'),(282,'Quick wins matter'),(283,'Quirks don\'t scale'),(284,'Real-world buy-in needed'),(285,'Regs and giants choke'),(286,'Regs reshape ads'),(287,'Regulatory wins are key'),(288,'Reliability is make-or-break'),(289,'Rentals need fit'),(290,'Rentals need pull'),(291,'Rentals need scale'),(292,'Resale needs core'),(293,'Resale needs local'),(294,'Resistance stalls disruption'),(295,'Retention is king'),(296,'Rewards need pull'),(297,'Robo-advisors need edge'),(298,'Robotics demands ROI'),(299,'Robots need results'),(300,'Samples need reach'),(301,'Savings need edge'),(302,'Scale and compliance'),(303,'Scale beats decor'),(304,'Scale beats middlemen'),(305,'Scale beats niche'),(306,'Scale beats service'),(307,'Scale beats tools'),(308,'Scale needs demand'),(309,'Scale or get gobbled'),(310,'Scale or stall'),(311,'Scale owns live'),(312,'Scale trumps convenience'),(313,'Scale trumps style'),(314,'Schools squeeze margins'),(315,'Service needs trust'),(316,'Services need reach'),(317,'Sidekicks fade'),(318,'Simple beats complex'),(319,'Simple beats quirky'),(320,'Simplicity beats bloat'),(321,'Sleep tech must be wearable'),(322,'Small can sell'),(323,'Small exits fast'),(324,'Small exits quick'),(325,'Small fish swallowed'),(326,'Small fries eaten'),(327,'Small gets scooped'),(328,'Small niches get swallowed'),(329,'Small sells'),(332,'Smartwatches need ecosystems'),(333,'Social dining needs crowd'),(334,'Social finance needs scale'),(335,'Social kills local'),(336,'Social needs buyers'),(337,'Social needs stickiness'),(338,'Solve a real pain'),(339,'Speed and UX trump'),(340,'Speed beats novelty'),(341,'Speed costs too much'),(342,'Speed to market matters'),(343,'Spinoffs need spark'),(344,'Stand out or drown'),(345,'Standout use case needed'),(346,'Stars don\'t guarantee'),(347,'Stick to core'),(348,'Stick to strengths'),(349,'Stick to your lane'),(350,'Stickiness beyond novelty'),(351,'Sticky engagement needed'),(352,'Subscriptions need stickiness'),(353,'Subscriptions saturate'),(354,'Supply needs demand'),(355,'Tech alone doesn\'t sell'),(356,'Tech needs diners'),(357,'Tech needs results'),(358,'Tech shifts bury'),(359,'Therapeutics need economics'),(360,'Timing and scale brutal'),(361,'Timing is critical'),(362,'Timing is key'),(363,'Timing matters'),(364,'Timing trumps deals'),(365,'Timing\'s critical'),(366,'Timing\'s everything'),(367,'Tiny bets fade'),(368,'Titans tilt field'),(369,'Tools need focus'),(370,'Toxicity\'s a sword'),(371,'Tracking needs pull'),(372,'Traction matters'),(373,'Trading needs volume'),(374,'Trading tools need traction'),(375,'Transfers need edge'),(376,'Transparency is key'),(377,'Travel eats budgets'),(378,'Trends fade fast'),(379,'Trends shift platforms'),(380,'Trends trump toys'),(381,'Trust and economics matter'),(382,'Trust comes first'),(383,'Trust is currency'),(384,'Trust is king'),(385,'Trust trumps trends'),(386,'Try needs buyers'),(387,'Unique value is critical'),(388,'User loyalty fragile'),(389,'UX trumps leads'),(390,'Validate before build'),(391,'Validate demand early'),(392,'Validate niche early'),(393,'Validate willingness to pay'),(394,'Validation is key'),(395,'Wearables need a killer app'),(396,'Winners take all');
/*!40000 ALTER TABLE `takeaways` ENABLE KEYS */;
UNLOCK TABLES;

--
-- Table structure for table `why_they_failed`
--

DROP TABLE IF EXISTS `why_they_failed`;
/*!40101 SET @saved_cs_client     = @@character_set_client */;
/*!50503 SET character_set_client = utf8mb4 */;
CREATE TABLE `why_they_failed` (
  `why_they_failed_id` int NOT NULL AUTO_INCREMENT,
  `why_they_failed` varchar(40) NOT NULL,
  PRIMARY KEY (`why_they_failed_id`)
) ENGINE=InnoDB AUTO_INCREMENT=409 DEFAULT CHARSET=utf8mb3;
/*!40101 SET character_set_client = @saved_cs_client */;

--
-- Dumping data for table `why_they_failed`
--

LOCK TABLES `why_they_failed` WRITE;
/*!40000 ALTER TABLE `why_they_failed` DISABLE KEYS */;
INSERT INTO `why_they_failed` VALUES (1,'Shut down 2020'),(2,'No payer contracts and revenue'),(3,'Lost to Upstart and regs'),(4,'Shut down 2015'),(5,'Sold 2019'),(6,'Acquired 2012'),(7,'Shut down 2019'),(8,'Sold 2017'),(9,'Funding dried up and slow progress'),(10,'Lost to Even and niche'),(11,'Lost to Velodyne/Luminar and delays'),(12,'Phased out 2020'),(13,'Shut down 2014'),(14,'Lost to Tesla and high infra costs'),(15,'Lost to NerdWallet and slow growth'),(16,'Lost to Toyota/Honda and delays'),(17,'Lost to OpenSea and NFT crash'),(18,'Lost to Coupa and sold'),(19,'Closed 2021'),(20,'Faded 2020'),(21,'Faded 2022'),(22,'Faded 2013'),(23,'Lost to Bloomberg and low uptake'),(24,'Bad pricing and funding'),(25,'Faded 2019'),(26,'Faded 2021'),(27,'Fraud allegations and competition'),(28,'Lost to Kickstarter and low ROI'),(29,'Startup phase \"shut down\"\" 2023\"'),(30,'Sold 2021'),(31,''),(32,'Closed 2016'),(33,'Closed 2017'),(34,'Shut down 2018'),(35,'Lost to Zocdoc/GoodRx and slow adoption'),(36,'Slow results and pivot'),(37,'Shut down 2000'),(38,'Closed 2018'),(39,'Acquired 2014'),(40,'Closed 2002'),(41,'Closed 2013'),(42,'Closed 2015'),(43,'Closed 2020'),(44,'Closed 2023'),(45,'Competition and quality issues'),(46,'Lost to Tesla/Ford built-ins'),(47,'Monetization and differentiation woes'),(48,'Shut down 2016'),(49,'Slow payer adoption and pivot'),(50,'Sold to Spotify 2021'),(51,'Lost to Ally and pivoted'),(52,'Phased out 2015'),(53,'Acquired 2011'),(54,'Closed 2019'),(55,'Lost steam and acquired'),(56,'Shut down 2017'),(57,'Low retention and pivot'),(58,'Lost to Mint/Acorns and sold to Goldman'),(59,'Startup phase \"shut down\"\" 2022\"'),(60,'Sold 2022'),(61,'Faded 2023'),(62,'Shut down 1999'),(63,'Couldn\'t deliver vs DJI'),(64,'Faded 1984'),(65,'Lost to Green Dot and small scale'),(66,'Declined 2019'),(67,'Lost to GoFundMe and niche focus'),(68,'Lost to PayPal and tech issues'),(69,'Lost to SoFi and low scale'),(70,'Trust issues and competition'),(71,'Lost to Fitbit/Apple Watch'),(72,'Lost to Coinbase and market shifts'),(73,'Lost to Robinhood and closed'),(74,'Lost to Apple Watch and sold'),(75,'Sold 2018'),(76,'Niche market vs Hach'),(77,'Merged into TikTok 2018'),(78,'Acquired 2017'),(79,'Acquired 2020'),(80,'Fraud and tech didn\'t work'),(81,'Lost to banks and trust issues'),(82,'Lost to Bill.com and sold'),(83,'Shut down 2013'),(84,'Lost to banks and high defaults'),(85,'Reimbursement woes early'),(86,'Phased out 2022'),(87,'Sold 2020'),(88,'Faded 2014'),(89,'Shut down 2021'),(90,'Risk models and scrutiny'),(91,'No product vs Apple Pay/PayPal'),(92,'Leadership and no product'),(93,'Lost to Mint and low scale'),(94,'Scalability issues and sold'),(95,'Faded 2017'),(96,'Lost to Universal Robots/Fanuc'),(97,'Low retention and adoption'),(98,'Shut down 2022'),(99,'Smartphones caught up'),(100,'Faded 2018'),(101,'Outpaced by bigger rivals and acquired'),(102,'High costs and merged'),(103,'Lack of traction and pivot'),(104,'Overkill product vs Ninja/Breville'),(105,'Crowded market and cash out'),(106,'Smartphones matched it vs Canon/Nikon'),(107,'Failed partnership and costs'),(108,'High costs and competition'),(109,'Lost to Raspberry Pi and small niche'),(110,'Lost to Robinhood and niche'),(111,'Lost to Robinhood and pivoted'),(112,'Shut down 2005'),(113,'High costs and low uptake'),(114,'Reg hurdles and competition'),(115,'Phased out 2021'),(116,'Reimbursement woes'),(117,'Bankruptcy 2021'),(118,'Lost to Chime and trust issues'),(119,'Lost to Venmo and pivoted'),(120,'Lost to DJI and high costs'),(121,'Lost to Mint and sold to TradeKing'),(122,'Phased out 2023'),(123,'Acquired 2016'),(124,'Scaled back 2023'),(125,'Limited proof and market'),(126,'Lost to GE/Philips and slow adoption'),(127,'Lost to traditional pawnshops and niche'),(128,'Slow retention and pivot'),(129,'Small market and lost to DJI/Skydio'),(130,'Closed in 2012 but pivoted to Instagram'),(131,'Lost to Epic and crypto crash'),(132,'Competition and no viable model'),(133,'Lost to DJI and recall issues'),(134,'Closed 2012'),(135,'Closed 2014'),(136,'Ended 2018'),(137,'Ended 2021'),(138,'Shut down 2008'),(139,'Slow uptake and sold'),(140,'Lost to Square and mismanagement'),(141,'Lost to Brex and closed'),(142,'Distribution and funding'),(143,'Bankruptcy 2019'),(144,'Acquired 2015'),(145,'Pivoted 2020'),(146,'Scaled back 2022'),(147,'Small market and funding'),(148,'High costs and low demand'),(149,'High costs vs Domino\'s/Papa John\'s'),(150,'Lost to Bloomberg and early market'),(151,'Lost to Stripe and sold'),(152,'Shut down 2012'),(153,'Lost to Wealthfront and sold'),(154,'Lost focus and faded'),(155,'Lost to free tools and sold'),(156,'Small user base and cash shortage'),(157,'Crowded market and no differentiation'),(158,'Lost to Tesla/Nio and high costs'),(159,'Fraudulent billing'),(160,'Lost to LegalZoom and low uptake'),(161,'Shut down 2003'),(162,'Lost to LendingClub and high defaults'),(163,'Bankruptcy 2017'),(164,'Lost to Splitwise and niche'),(165,'Sold 2010'),(166,'Lost to software rivals'),(167,'Slow sales and wind-down'),(168,'Shut down 2010'),(169,'Acquired 2018'),(170,'Lost to IDx and regulatory delays'),(171,'Poor sales vs Apple/Samsung'),(172,'Production snags and competition'),(173,'Slow adoption and acquired'),(174,'No actionable insights'),(175,'Lost to Leap Motion/Oculus and sold'),(176,'Lost to Lego/Sphero and niche focus'),(177,'Lost to PayPal and high costs'),(178,'Faded by 2007'),(179,'Layoffs and valuation cuts'),(180,'Lost to Lambda School and regs'),(181,'Lost to Tesla and quirky design'),(182,'Merged 2020'),(183,'Profitability woes and sold'),(184,'Lost to Fundrise and slow growth'),(185,'Bankruptcy 2018'),(186,'Lost to Ring/Nest and acquired'),(187,'Lost to Mint and early market'),(188,'Lost to GoFundMe and sold'),(189,'Lost to Affirm and sold'),(190,'Lost to bigger players and acquired'),(191,'Bankruptcy 2020'),(192,'Lost to software rivals and acquired'),(193,'Overheating and competition'),(194,'Regulatory delays and competition'),(195,'Lost to Credit Karma and sold'),(196,'Overexpansion and losses'),(197,'Sold to LinkedIn 2013'),(198,'Slow adoption and misjudgment'),(199,'Lost to Ultimaker/Prusa post-acquisition'),(200,'Shut down 2023'),(201,'Free model unsustainable'),(202,'Lost to Bloomberg and sold'),(203,'Funding crunch and slow results'),(204,'Acquired 2013'),(205,'Slow growth and high costs'),(206,'Closed 2022'),(207,'Lost to Fitbit and costs'),(208,'Lost to Tesla and supplier failure'),(209,'Lost to traditional trusts and niche'),(210,'Post-COVID crash and costs'),(211,'Downturn and mismanagement'),(212,'Sold 2014');
/*!40000 ALTER TABLE `why_they_failed` ENABLE KEYS */;
UNLOCK TABLES;

--
-- Table structure for table `years_of_operation`
--

DROP TABLE IF EXISTS `years_of_operation`;
/*!40101 SET @saved_cs_client     = @@character_set_client */;
/*!50503 SET character_set_client = utf8mb4 */;
CREATE TABLE `years_of_operation` (
  `years_of_operation_id` int NOT NULL AUTO_INCREMENT,
  `number_of_years` int DEFAULT NULL,
  `start_year` int DEFAULT NULL,
  `end_year` int DEFAULT NULL,
  PRIMARY KEY (`years_of_operation_id`)
) ENGINE=InnoDB AUTO_INCREMENT=233 DEFAULT CHARSET=utf8mb3;
/*!40101 SET character_set_client = @saved_cs_client */;

--
-- Dumping data for table `years_of_operation`
--

LOCK TABLES `years_of_operation` WRITE;
/*!40000 ALTER TABLE `years_of_operation` DISABLE KEYS */;
INSERT INTO `years_of_operation` VALUES (1,10,2001,2011),(2,10,2006,2016),(3,10,2007,2017),(4,10,2008,2018),(5,10,2009,2019),(6,10,2010,2020),(7,10,2011,2021),(8,10,2012,2022),(9,10,2013,2023),(10,11,1994,2005),(11,11,1996,2007),(12,11,2002,2013),(13,11,2006,2017),(14,11,2007,2018),(15,11,2008,2019),(16,11,2009,2020),(17,11,2010,2021),(18,11,2011,2022),(19,11,2012,2023),(20,12,1996,2008),(21,12,1999,2011),(22,12,2002,2014),(23,12,2003,2015),(24,12,2004,2016),(25,12,2005,2017),(26,12,2006,2018),(27,12,2007,2019),(28,12,2008,2020),(29,12,2009,2021),(30,12,2010,2022),(31,12,2011,2023),(32,13,2004,2017),(33,13,2005,2018),(34,13,2007,2020),(35,13,2008,2021),(36,13,2009,2022),(37,13,2010,2023),(38,14,2000,2014),(39,14,2001,2015),(40,14,2003,2017),(41,14,2004,2018),(42,14,2005,2019),(43,14,2006,2020),(44,14,2007,2021),(45,14,2008,2022),(46,14,2009,2023),(47,15,1983,1998),(48,15,1986,2001),(49,15,1998,2013),(50,15,1999,2014),(51,15,2001,2016),(52,15,2002,2017),(53,15,2003,2021),(54,15,2004,2019),(55,15,2005,2020),(56,15,2006,2021),(57,15,2007,2022),(58,15,2008,2023),(59,15,2009,2024),(60,16,1996,2012),(61,16,2004,2020),(62,18,1999,2017),(63,2,1998,2000),(64,2,2008,2010),(65,2,2009,2011),(66,2,2010,2012),(67,2,2011,2013),(68,2,2013,2015),(69,2,2021,2023),(70,5,2002,2007),(71,6,2002,2008),(72,18,2002,2020),(73,15,2003,2018),(74,16,2004,2020),(75,3,2005,2008),(76,6,2005,2011),(77,18,2005,2023),(78,5,2006,2011),(79,9,2006,2015),(80,11,2006,2017),(81,12,2006,2018),(82,15,2006,2021),(83,6,2007,2013),(84,11,2007,2018),(85,5,2008,2013),(86,7,2008,2015),(87,9,2008,2017),(88,10,2008,2018),(89,11,2008,2019),(90,12,2008,2020),(91,4,2009,2013),(92,7,2009,2016),(93,8,2009,2017),(94,11,2009,2020),(95,12,2009,2021),(96,13,2009,2022),(97,5,2010,2015),(98,6,2010,2016),(99,7,2010,2017),(100,9,2010,2019),(101,13,2010,2023),(102,5,2011,2016),(103,6,2011,2017),(104,7,2011,2018),(105,9,2011,2020),(106,10,2011,2021),(107,12,2011,2023),(108,3,2012,2015),(109,4,2012,2016),(110,5,2012,2017),(111,6,2012,2018),(112,7,2012,2019),(113,8,2012,2020),(114,9,2012,2021),(115,10,2012,2022),(116,11,2012,2023),(117,12,2012,2024),(118,2,2013,2015),(119,3,2013,2016),(120,4,2013,2017),(121,5,2013,2018),(122,7,2013,2020),(123,8,2013,2021),(124,10,2013,2023),(125,2,2014,2016),(126,3,2014,2017),(127,4,2014,2018),(128,5,2014,2019),(129,6,2014,2020),(130,9,2014,2023),(131,10,2014,2024),(132,3,2015,2018),(133,4,2015,2019),(134,5,2015,2020),(135,6,2015,2021),(136,8,2015,2023),(137,4,2016,2020),(138,5,2016,2021),(139,6,2016,2022),(140,7,2016,2023),(141,2,2017,2019),(142,3,2017,2020),(143,4,2017,2021),(144,6,2017,2023),(145,0,2018,2018),(146,5,2018,2023),(147,2,2021,2023),(148,3,1996,1999),(149,3,2005,2008),(150,3,2010,2013),(151,3,2011,2014),(152,3,2012,2015),(153,3,2013,2016),(154,3,2014,2017),(155,3,2015,2018),(156,3,2020,2023),(157,4,1998,2002),(158,4,2006,2010),(159,4,2008,2012),(160,4,2009,2013),(161,4,2011,2015),(162,4,2012,2016),(163,4,2013,2017),(164,4,2014,2018),(165,4,2015,2019),(166,4,2016,2020),(167,4,2017,2021),(168,4,2018,2022),(169,4,2019,2023),(170,5,1979,1984),(171,5,1996,2001),(172,5,1998,2003),(173,5,2002,2007),(174,5,2006,2011),(175,5,2007,2012),(176,5,2008,2013),(177,5,2009,2014),(178,5,2010,2015),(179,5,2011,2016),(180,5,2012,2017),(181,5,2013,2018),(182,5,2014,2019),(183,5,2015,2020),(184,5,2016,2021),(185,5,2017,2022),(186,5,2018,2023),(187,6,2002,2008),(188,6,2005,2011),(189,6,2008,2014),(190,6,2009,2015),(191,6,2010,2016),(192,6,2011,2017),(193,6,2012,2018),(194,6,2013,2019),(195,6,2014,2020),(196,6,2015,2021),(197,6,2016,2022),(198,6,2017,2023),(199,6,2018,2024),(200,7,2005,2012),(201,7,2006,2013),(202,7,2007,2014),(203,7,2008,2015),(204,7,2009,2016),(205,7,2010,2017),(206,7,2011,2018),(207,7,2012,2019),(208,7,2013,2020),(209,7,2014,2021),(210,7,2015,2022),(211,8,1992,2000),(212,8,2006,2014),(213,8,2007,2015),(214,8,2008,2016),(215,8,2009,2017),(216,8,2010,2018),(217,8,2011,2019),(218,8,2012,2020),(219,8,2013,2021),(220,8,2014,2022),(221,8,2015,2023),(222,9,1994,2003),(223,9,2005,2014),(224,9,2006,2015),(225,9,2007,2016),(226,9,2008,2017),(227,9,2009,2018),(228,9,2010,2019),(229,9,2011,2020),(230,9,2012,2021),(231,9,2013,2022),(232,9,2014,2023);
/*!40000 ALTER TABLE `years_of_operation` ENABLE KEYS */;
UNLOCK TABLES;

--
-- Dumping events for database 'failed_startups_db'
--

--
-- Dumping routines for database 'failed_startups_db'
--
/*!40103 SET TIME_ZONE=@OLD_TIME_ZONE */;

/*!40101 SET SQL_MODE=@OLD_SQL_MODE */;
/*!40014 SET FOREIGN_KEY_CHECKS=@OLD_FOREIGN_KEY_CHECKS */;
/*!40014 SET UNIQUE_CHECKS=@OLD_UNIQUE_CHECKS */;
/*!40101 SET CHARACTER_SET_CLIENT=@OLD_CHARACTER_SET_CLIENT */;
/*!40101 SET CHARACTER_SET_RESULTS=@OLD_CHARACTER_SET_RESULTS */;
/*!40101 SET COLLATION_CONNECTION=@OLD_COLLATION_CONNECTION */;
/*!40111 SET SQL_NOTES=@OLD_SQL_NOTES */;

-- Dump completed on 2025-03-27 20:53:13
